fusion,#_occurences,labs_found_in,cells_found_in
AL391840.3--SH3BGRL2,24,"['ccle', 'ccle', 'ccle', 'ccle', 'ccle', 'ccle', 'ccle', 'ccle', 'ccle', 'gcsi', 'gcsi', 'gcsi', 'gcsi', 'gcsi', 'gcsi', 'gcsi', 'gcsi', 'gdsc', 'gdsc', 'gdsc', 'gdsc', 'gdsc', 'gdsc', 'gdsc']","['NCI-H510A', 'Set-2', 'SW948', 'YAPC', 'SR', 'SW1573', 'SNU-C1', 'C2BBe1', 'KU812', 'NCI-H510A', 'HCT-15', 'YAPC', 'SNU-C1', 'U-266', 'C2BBe1', 'SUIT-2', 'KU812', 'NCI-H510A', 'KNS-62', 'YAPC', 'SW1573', 'SW780', 'C2BBe1', 'KU812']"
AC068756.1--AC108690.1,9,"['ccle', 'ccle', 'gcsi', 'gcsi', 'gcsi', 'gdsc', 'gdsc', 'gdsc', 'gdsc']","['SW620', 'COLO-741', 'NCI-H510A', 'SW620', 'KNS-62', 'NCI-H510A', 'SW620', 'HCC1806', 'KNS-62']"
AL353138.1--PTCHD4,9,"['ccle', 'ccle', 'ccle', 'gcsi', 'gcsi', 'gdsc', 'gdsc', 'gdsc', 'gdsc']","['MDST8', 'SW1573', 'CL-40', 'MDST8', 'SW1573', 'HCT-116', 'MDST8', 'SW1573', 'CL-40']"
AC004009.1--AC007130.1,8,"['ccle', 'ccle', 'gcsi', 'gcsi', 'gcsi', 'gdsc', 'gdsc', 'gdsc']","['HT-115', 'CL-40', 'HT-115', 'YAPC', 'CL-40', 'HT-115', 'YAPC', 'CL-40']"
AC006453.1--FAM230C,7,"['ccle', 'ccle', 'gcsi', 'gcsi', 'gcsi', 'gdsc', 'gdsc']","['NCI-H510A', 'KARPAS-620', 'NCI-H510A', 'KARPAS-620', 'U-266', 'NCI-H510A', 'KARPAS-620']"
AC073529.1--MID1,7,"['ccle', 'ccle', 'gcsi', 'gcsi', 'gcsi', 'gcsi', 'gdsc']","['NCI-H510A', 'HT55', 'SW837', 'NCI-H510A', 'SW1573', 'SW48', 'NCI-H510A']"
AC011586.2--MSR1,7,"['ccle', 'ccle', 'ccle', 'gcsi', 'gcsi', 'gdsc', 'gdsc']","['SW837', 'NCI-H510A', 'KNS-62', 'NCI-H510A', 'U-266', 'NCI-H510A', 'KNS-62']"
CNRIP1--AC017083.3,7,"['ccle', 'ccle', 'ccle', 'gcsi', 'gcsi', 'gcsi', 'gdsc']","['NCI-H510A', 'Set-2', 'KU812', 'NCI-H510A', 'Set-2', 'KU812', 'Set-2']"
AKAP13--PDE8A,6,"['ccle', 'ccle', 'gcsi', 'gcsi', 'gdsc', 'gdsc']","['SW620', 'HCC1187', 'SW620', 'HCC1187', 'SW620', 'HCC1187']"
PLXND1--TMCC1,6,"['ccle', 'ccle', 'gcsi', 'gcsi', 'gdsc', 'gdsc']","['NCI-H510A', 'HCC1187', 'NCI-H510A', 'HCC1187', 'NCI-H510A', 'HCC1187']"
CASC19--CASC8,6,"['ccle', 'ccle', 'gcsi', 'gcsi', 'gdsc', 'gdsc']","['HCT-15', 'HT-115', 'HCT-15', 'HT-115', 'HCT-15', 'HT-115']"
CU104787.1--BAGE2,6,"['ccle', 'ccle', 'ccle', 'gcsi', 'gdsc', 'gdsc']","['NCI-H510A', 'MDA-MB-361', 'KARPAS-620', 'NCI-H510A', 'NCI-H510A', 'HCC1806']"
AL133342.1--PREX1,5,"['ccle', 'gcsi', 'gcsi', 'gdsc', 'gdsc']","['KARPAS-620', 'HCC1806', 'KARPAS-620', 'HCC1806', 'KARPAS-620']"
AC106741.1--AC106729.1,5,"['ccle', 'ccle', 'gcsi', 'gcsi', 'gdsc']","['KARPAS-620', 'COLO-741', 'KARPAS-620', 'U-266', 'KARPAS-620']"
MTMR3--APOH,4,"['ccle', 'gcsi', 'gdsc', 'nci60']","['HT-29', 'HT-29', 'HT-29', 'HT-29']"
MGRN1--C16orf96,4,"['ccle', 'gcsi', 'gdsc', 'nci60']","['HCT-15', 'HCT-15', 'HCT-15', 'HCT-15']"
COMMD10--AP3S1,4,"['ccle', 'gcsi', 'gdsc', 'nci60']","['HCT-116', 'HCT-116', 'HCT-116', 'HCT-116']"
PANK2--MAVS,4,"['ccle', 'gcsi', 'gdsc', 'nci60']","['HCT-116', 'HCT-116', 'HCT-116', 'HCT-116']"
RTRAF--SLC25A21,4,"['ccle', 'gcsi', 'gdsc', 'nci60']","['DU-145', 'DU-145', 'DU-145', 'DU-145']"
UBE2L3--KRAS,4,"['ccle', 'gcsi', 'gdsc', 'nci60']","['DU-145', 'DU-145', 'DU-145', 'DU-145']"
LDLR--RPL31P11,4,"['ccle', 'gcsi', 'gdsc', 'nci60']","['DU-145', 'DU-145', 'DU-145', 'DU-145']"
CASC19--AC018714.2,4,"['ccle', 'ccle', 'gcsi', 'gdsc']","['HCT-15', 'HT-115', 'HT-115', 'HT-115']"
USP32--CWC25,3,"['ccle', 'gcsi', 'gdsc']","['ZR-75-30', 'ZR-75-30', 'ZR-75-30']"
DDX5--DEPTOR,3,"['ccle', 'gcsi', 'gdsc']","['ZR-75-30', 'ZR-75-30', 'ZR-75-30']"
DDX5--AP005717.2,3,"['ccle', 'gcsi', 'gdsc']","['ZR-75-30', 'ZR-75-30', 'ZR-75-30']"
PRKDC--AC111149.2,3,"['ccle', 'gcsi', 'gdsc']","['ZR-75-30', 'ZR-75-30', 'ZR-75-30']"
MYO18A--AF228727.1,3,"['ccle', 'gcsi', 'gdsc']","['ZR-75-30', 'ZR-75-30', 'ZR-75-30']"
BCAS3--HOXB9,3,"['ccle', 'gcsi', 'gdsc']","['ZR-75-30', 'ZR-75-30', 'ZR-75-30']"
TAOK1--PCGF2,3,"['ccle', 'gcsi', 'gdsc']","['ZR-75-30', 'ZR-75-30', 'ZR-75-30']"
PLEC--ENPP2,3,"['ccle', 'gcsi', 'gdsc']","['ZR-75-30', 'ZR-75-30', 'ZR-75-30']"
PPM1D--TRAPPC9,3,"['ccle', 'gcsi', 'gdsc']","['ZR-75-30', 'ZR-75-30', 'ZR-75-30']"
TRPS1--LASP1,3,"['ccle', 'gcsi', 'gdsc']","['ZR-75-30', 'ZR-75-30', 'ZR-75-30']"
HYLS1--TIMM23,3,"['ccle', 'gcsi', 'gdsc']","['ZR-75-30', 'ZR-75-30', 'ZR-75-30']"
DDX5--AC233699.1,3,"['ccle', 'gcsi', 'gdsc']","['ZR-75-30', 'ZR-75-30', 'ZR-75-30']"
CENPO--RAB10,3,"['ccle', 'gcsi', 'gdsc']","['ZR-75-30', 'ZR-75-30', 'ZR-75-30']"
HOXC6--AC023794.1,3,"['ccle', 'gcsi', 'gdsc']","['ZR-75-30', 'ZR-75-30', 'ZR-75-30']"
PPP1R16A--ZFPM2-AS1,3,"['ccle', 'gcsi', 'gdsc']","['ZR-75-30', 'ZR-75-30', 'ZR-75-30']"
TAOK1--LINC02071,3,"['ccle', 'gcsi', 'gdsc']","['ZR-75-30', 'ZR-75-30', 'ZR-75-30']"
SRCIN1--AC233699.1,3,"['ccle', 'gcsi', 'gdsc']","['ZR-75-30', 'ZR-75-30', 'ZR-75-30']"
NFE2L1--TOP1MT,3,"['ccle', 'gcsi', 'gdsc']","['ZR-75-30', 'ZR-75-30', 'ZR-75-30']"
ZMYM4--OPRD1,3,"['ccle', 'gcsi', 'gdsc']","['ZR-75-30', 'ZR-75-30', 'ZR-75-30']"
AC068025.2--PCGF2,3,"['ccle', 'gcsi', 'gdsc']","['ZR-75-30', 'ZR-75-30', 'ZR-75-30']"
PPM1D--RAD54B,3,"['ccle', 'gcsi', 'gdsc']","['ZR-75-30', 'ZR-75-30', 'ZR-75-30']"
ZFPM2-AS1--SLC13A2,3,"['ccle', 'gcsi', 'gdsc']","['ZR-75-30', 'ZR-75-30', 'ZR-75-30']"
BCAS3--TMEM71,3,"['ccle', 'gcsi', 'gdsc']","['ZR-75-30', 'ZR-75-30', 'ZR-75-30']"
AC124319.1--TACC1,3,"['ccle', 'gcsi', 'gdsc']","['ZR-75-30', 'ZR-75-30', 'ZR-75-30']"
ERBB2--BCAS3,3,"['ccle', 'gcsi', 'gdsc']","['ZR-75-30', 'ZR-75-30', 'ZR-75-30']"
USP32--SMURF2,3,"['ccle', 'gcsi', 'gdsc']","['ZR-75-30', 'ZR-75-30', 'ZR-75-30']"
PHF20L1--AC068413.1,3,"['ccle', 'gcsi', 'gdsc']","['ZR-75-30', 'ZR-75-30', 'ZR-75-30']"
MEGF6--PLCH2,3,"['ccle', 'gcsi', 'gdsc']","['YAPC', 'YAPC', 'YAPC']"
VEGFA--KIF6,3,"['ccle', 'gcsi', 'gdsc']","['YAPC', 'YAPC', 'YAPC']"
SIM2--RIPPLY3,3,"['ccle', 'gcsi', 'gdsc']","['YAPC', 'YAPC', 'YAPC']"
TFEB--TRERF1,3,"['ccle', 'gcsi', 'gdsc']","['YAPC', 'YAPC', 'YAPC']"
TP53BP1--PSMA4,3,"['ccle', 'gcsi', 'gdsc']","['WSU-DLCL2', 'WSU-DLCL2', 'WSU-DLCL2']"
HDGF--S100A10,3,"['ccle', 'gcsi', 'gdsc']","['UACC-812', 'UACC-812', 'UACC-812']"
WIPF2--ERBB2,3,"['ccle', 'gcsi', 'gdsc']","['UACC-812', 'UACC-812', 'UACC-812']"
PRPF3--SRGAP2,3,"['ccle', 'gcsi', 'gdsc']","['UACC-812', 'UACC-812', 'UACC-812']"
RRNAD1--CTSS,3,"['ccle', 'gcsi', 'gdsc']","['UACC-812', 'UACC-812', 'UACC-812']"
LASP1--CSF3,3,"['ccle', 'gcsi', 'gdsc']","['UACC-812', 'UACC-812', 'UACC-812']"
PPP1R12B--SNX27,3,"['ccle', 'gcsi', 'gdsc']","['UACC-812', 'UACC-812', 'UACC-812']"
NBPF26--AC239809.1,3,"['ccle', 'gcsi', 'gdsc']","['UACC-812', 'UACC-812', 'UACC-812']"
WARS2--AKT3,3,"['ccle', 'gcsi', 'gdsc']","['UACC-812', 'UACC-812', 'UACC-812']"
COX16--TMEM106B,3,"['ccle', 'gcsi', 'gdsc']","['U-266', 'U-266', 'U-266']"
ARFIP1--FNDC3B,3,"['ccle', 'gcsi', 'gdsc']","['U-266', 'U-266', 'U-266']"
FNDC3B--ARFIP1,3,"['ccle', 'gcsi', 'gdsc']","['U-266', 'U-266', 'U-266']"
FO393400.1--NOL4L,3,"['ccle', 'gcsi', 'gdsc']","['Set-2', 'Set-2', 'Set-2']"
USP12--LINC02340,3,"['ccle', 'gcsi', 'gdsc']","['SW948', 'SW948', 'SW948']"
RBM12B--RAD54B,3,"['ccle', 'gcsi', 'gdsc']","['SW837', 'SW837', 'SW837']"
ANKRD13C--PTGER3,3,"['ccle', 'gcsi', 'gdsc']","['SW837', 'SW837', 'SW837']"
SPRED2--RAB1A,3,"['ccle', 'gcsi', 'gdsc']","['SW837', 'SW837', 'SW837']"
AC124319.1--BAIAP2,3,"['ccle', 'gcsi', 'gdsc']","['SW780', 'SW780', 'SW780']"
FGFR3--BAIAP2L1,3,"['ccle', 'gcsi', 'gdsc']","['SW780', 'SW780', 'SW780']"
GSN--NMRK1,3,"['ccle', 'gcsi', 'gdsc']","['SW780', 'SW780', 'SW780']"
RABGAP1--PCSK5,3,"['ccle', 'gcsi', 'gdsc']","['SW780', 'SW780', 'SW780']"
CCDC18-AS1--EVI5,3,"['ccle', 'gcsi', 'gdsc']","['SW780', 'SW780', 'SW780']"
CDH13--AC073968.2,3,"['ccle', 'gcsi', 'gdsc']","['SW620', 'SW620', 'SW620']"
NSD1--ZNF346,3,"['ccle', 'gcsi', 'gdsc']","['SW620', 'SW620', 'SW620']"
ARNTL2--AC010197.1,3,"['ccle', 'gcsi', 'gdsc']","['SW620', 'SW620', 'SW620']"
USP45--FAXC,3,"['ccle', 'gcsi', 'gdsc']","['SW620', 'SW620', 'SW620']"
ARRDC1--EHMT1,3,"['ccle', 'gcsi', 'gdsc']","['SW48', 'SW48', 'SW48']"
DNAJC3--VWA8,3,"['ccle', 'gcsi', 'gdsc']","['SW403', 'SW403', 'SW403']"
NEAT1--LTBP3,3,"['ccle', 'gcsi', 'gdsc']","['SW1573', 'SW1573', 'SW1573']"
TCF7L1--TMSB10,3,"['ccle', 'gcsi', 'gdsc']","['SW1573', 'SW1573', 'SW1573']"
LARP4B--TSPAN33,3,"['ccle', 'gcsi', 'gdsc']","['SW1573', 'SW1573', 'SW1573']"
SMURF2--DDX5,3,"['ccle', 'gcsi', 'gdsc']","['SW1573', 'SW1573', 'SW1573']"
LINC02643--NEBL,3,"['ccle', 'gcsi', 'gdsc']","['SW1573', 'SW1573', 'SW1573']"
ME2--DCC,3,"['ccle', 'gcsi', 'gdsc']","['SW1573', 'SW1573', 'SW1573']"
IL1RAPL1--AC005185.1,3,"['ccle', 'gcsi', 'gdsc']","['SW1573', 'SW1573', 'SW1573']"
LRR1--RPL36AL,3,"['ccle', 'gcsi', 'gdsc']","['SW1463', 'SW1463', 'SW1463']"
RPL36AL--LRR1,3,"['ccle', 'gcsi', 'gdsc']","['SW1463', 'SW1463', 'SW1463']"
ATP5F1A--SNTG1,3,"['ccle', 'gcsi', 'gdsc']","['SW1463', 'SW1463', 'SW1463']"
ARHGAP35--VRK3,3,"['ccle', 'gcsi', 'gdsc']","['SW1463', 'SW1463', 'SW1463']"
HNF4A--R3HDML,3,"['ccle', 'gcsi', 'gdsc']","['SUIT-2', 'SUIT-2', 'SUIT-2']"
TUBA1C--ENDOV,3,"['ccle', 'gcsi', 'gdsc']","['SUIT-2', 'SUIT-2', 'SUIT-2']"
ROCK2--E2F6,3,"['ccle', 'gcsi', 'gdsc']","['SUIT-2', 'SUIT-2', 'SUIT-2']"
PVT1--ZCCHC7,3,"['ccle', 'gcsi', 'gdsc']","['SU-DHL-6', 'SU-DHL-6', 'SU-DHL-6']"
POU2F2--FRG1KP,3,"['ccle', 'gcsi', 'gdsc']","['SU-DHL-6', 'SU-DHL-6', 'SU-DHL-6']"
ICMT--SZRD1,3,"['ccle', 'gcsi', 'gdsc']","['SU-DHL-6', 'SU-DHL-6', 'SU-DHL-6']"
THOC2--MTSS1,3,"['ccle', 'gcsi', 'gdsc']","['SU-DHL-10', 'SU-DHL-10', 'SU-DHL-10']"
NPM1--ALK,3,"['ccle', 'gcsi', 'gdsc']","['SR', 'SR', 'SR']"
APIP--SLC1A2,3,"['ccle', 'gcsi', 'gdsc']","['SNU-C1', 'SNU-C1', 'SNU-C1']"
CEMIP--AC015712.1,3,"['ccle', 'gcsi', 'gdsc']","['SNU-C1', 'SNU-C1', 'SNU-C1']"
CYFIP1--USP3,3,"['ccle', 'gcsi', 'gdsc']","['SNU-C1', 'SNU-C1', 'SNU-C1']"
CHD2--STARD9,3,"['ccle', 'gcsi', 'gdsc']","['SNU-C1', 'SNU-C1', 'SNU-C1']"
RAB14--C5,3,"['ccle', 'gcsi', 'gdsc']","['SNU-C1', 'SNU-C1', 'SNU-C1']"
FAN1--CHRFAM7A,3,"['ccle', 'gcsi', 'gdsc']","['SNU-C1', 'SNU-C1', 'SNU-C1']"
LMNTD2--SLC1A2,3,"['ccle', 'gcsi', 'gdsc']","['SNU-C1', 'SNU-C1', 'SNU-C1']"
PAQR5--IQCH,3,"['ccle', 'gcsi', 'gdsc']","['SNU-C1', 'SNU-C1', 'SNU-C1']"
SPG11--DAPK2,3,"['ccle', 'gcsi', 'gdsc']","['SNU-C1', 'SNU-C1', 'SNU-C1']"
SLC33A1--PLCH1,3,"['ccle', 'gcsi', 'gdsc']","['SNU-C1', 'SNU-C1', 'SNU-C1']"
MACF1--HEYL,3,"['ccle', 'gcsi', 'gdsc']","['NCI-H510A', 'NCI-H510A', 'NCI-H510A']"
TWSG1--PIK3C3,3,"['ccle', 'gcsi', 'gdsc']","['NCI-H510A', 'NCI-H510A', 'NCI-H510A']"
PPP4R3A--HEATR3,3,"['ccle', 'gcsi', 'gdsc']","['NCI-H510A', 'NCI-H510A', 'NCI-H510A']"
RAP2A--PCDH9-AS1,3,"['ccle', 'gcsi', 'gdsc']","['NCI-H510A', 'NCI-H510A', 'NCI-H510A']"
PTK2--PKHD1L1,3,"['ccle', 'gcsi', 'gdsc']","['NCI-H510A', 'NCI-H510A', 'NCI-H510A']"
JADE2--UBE2B,3,"['ccle', 'gcsi', 'gdsc']","['NCI-H510A', 'NCI-H510A', 'NCI-H510A']"
HDAC2--BEND3,3,"['ccle', 'gcsi', 'gdsc']","['NCI-H510A', 'NCI-H510A', 'NCI-H510A']"
BAZ1A--SFTA3,3,"['ccle', 'gcsi', 'gdsc']","['NCI-H510A', 'NCI-H510A', 'NCI-H510A']"
CAPZB--LINC02241,3,"['ccle', 'gcsi', 'gdsc']","['NCI-H510A', 'NCI-H510A', 'NCI-H510A']"
NFE2L1--SKAP1,3,"['ccle', 'gcsi', 'gdsc']","['NCI-H510A', 'NCI-H510A', 'NCI-H510A']"
PKHD1L1--ESRP1,3,"['ccle', 'gcsi', 'gdsc']","['NCI-H510A', 'NCI-H510A', 'NCI-H510A']"
XRCC6--ACO2,3,"['ccle', 'gcsi', 'gdsc']","['NCI-H510A', 'NCI-H510A', 'NCI-H510A']"
ARHGAP23--MRPL45,3,"['ccle', 'gcsi', 'gdsc']","['NCI-H510A', 'NCI-H510A', 'NCI-H510A']"
R3HDM2--DCTN2,3,"['ccle', 'gcsi', 'gdsc']","['NCI-H510A', 'NCI-H510A', 'NCI-H510A']"
ELOVL6--ENPEP,3,"['ccle', 'gcsi', 'gdsc']","['NCI-H510A', 'NCI-H510A', 'NCI-H510A']"
PDS5B--AL159156.1,3,"['ccle', 'gcsi', 'gdsc']","['NCI-H510A', 'NCI-H510A', 'NCI-H510A']"
PDXDC2P--AC009060.1,3,"['ccle', 'gcsi', 'gdsc']","['NCI-H510A', 'NCI-H510A', 'NCI-H510A']"
KCNQ3--PCAT1,3,"['ccle', 'gcsi', 'gdsc']","['NCI-H510A', 'NCI-H510A', 'NCI-H510A']"
FBXL3--TRPC4,3,"['ccle', 'gcsi', 'gdsc']","['NCI-H510A', 'NCI-H510A', 'NCI-H510A']"
TRIO--LINC02142,3,"['ccle', 'gcsi', 'gdsc']","['NCI-H510A', 'NCI-H510A', 'NCI-H510A']"
VPS8--AGRN,3,"['ccle', 'gcsi', 'gdsc']","['NCI-H510A', 'NCI-H510A', 'NCI-H510A']"
CYLD--KLF3,3,"['ccle', 'gcsi', 'gdsc']","['NCI-H510A', 'NCI-H510A', 'NCI-H510A']"
AC139887.1--CPLX1,3,"['ccle', 'gcsi', 'gdsc']","['MDST8', 'MDST8', 'MDST8']"
EZR--OSTCP1,3,"['ccle', 'gcsi', 'gdsc']","['MDA-MB-361', 'MDA-MB-361', 'MDA-MB-361']"
TMEM104--CDK12,3,"['ccle', 'gcsi', 'gdsc']","['MDA-MB-361', 'MDA-MB-361', 'MDA-MB-361']"
BRIP1--VMP1,3,"['ccle', 'gcsi', 'gdsc']","['MDA-MB-361', 'MDA-MB-361', 'MDA-MB-361']"
TANC2--PSMD12,3,"['ccle', 'gcsi', 'gdsc']","['MDA-MB-361', 'MDA-MB-361', 'MDA-MB-361']"
SUPT4H1--CEP112,3,"['ccle', 'gcsi', 'gdsc']","['MDA-MB-361', 'MDA-MB-361', 'MDA-MB-361']"
MAP1LC3B--ZNF821,3,"['ccle', 'gcsi', 'gdsc']","['MDA-MB-361', 'MDA-MB-361', 'MDA-MB-361']"
TOX3--GNAO1,3,"['ccle', 'gcsi', 'gdsc']","['MDA-MB-361', 'MDA-MB-361', 'MDA-MB-361']"
TTC6--MIPOL1,3,"['ccle', 'gcsi', 'gdsc']","['MDA-MB-361', 'MDA-MB-361', 'MDA-MB-361']"
DDX42--PITPNC1,3,"['ccle', 'gcsi', 'gdsc']","['MDA-MB-361', 'MDA-MB-361', 'MDA-MB-361']"
CDYL--CDKAL1,3,"['ccle', 'gcsi', 'gdsc']","['MDA-MB-361', 'MDA-MB-361', 'MDA-MB-361']"
CMTM4--AKR1C4,3,"['ccle', 'gcsi', 'gdsc']","['MDA-MB-361', 'MDA-MB-361', 'MDA-MB-361']"
MTMR4--CUEDC1,3,"['ccle', 'gcsi', 'gdsc']","['MDA-MB-361', 'MDA-MB-361', 'MDA-MB-361']"
TANC2--MTMR4,3,"['ccle', 'gcsi', 'gdsc']","['MDA-MB-361', 'MDA-MB-361', 'MDA-MB-361']"
RAB22A--PHACTR3,3,"['ccle', 'gcsi', 'gdsc']","['MDA-MB-361', 'MDA-MB-361', 'MDA-MB-361']"
GPHN--MPP5,3,"['ccle', 'gcsi', 'gdsc']","['LS-180', 'LS-180', 'LS-180']"
UPF3A--CDC16,3,"['ccle', 'gcsi', 'gdsc']","['KU812', 'KU812', 'KU812']"
BCR--ABL1,3,"['ccle', 'gcsi', 'gdsc']","['KU812', 'KU812', 'KU812']"
ABL1--BCR,3,"['ccle', 'gcsi', 'gdsc']","['KU812', 'KU812', 'KU812']"
CDK13--SUGCT,3,"['ccle', 'gcsi', 'gdsc']","['KU812', 'KU812', 'KU812']"
SMG1P3--GNPTG,3,"['ccle', 'gcsi', 'gdsc']","['KNS-62', 'KNS-62', 'KNS-62']"
HSD17B4--TNFAIP8,3,"['ccle', 'gcsi', 'gdsc']","['KNS-62', 'KNS-62', 'KNS-62']"
LPP--AC022498.1,3,"['ccle', 'gcsi', 'gdsc']","['KNS-62', 'KNS-62', 'KNS-62']"
SMARCC1--PACS2,3,"['ccle', 'gcsi', 'gdsc']","['KARPAS-620', 'KARPAS-620', 'KARPAS-620']"
TBC1D5--PLCL2-AS1,3,"['ccle', 'gcsi', 'gdsc']","['KARPAS-620', 'KARPAS-620', 'KARPAS-620']"
MAP7--MAP3K5,3,"['ccle', 'gcsi', 'gdsc']","['HT55', 'HT55', 'HT55']"
RABEP1--ALG14,3,"['ccle', 'gcsi', 'gdsc']","['HT55', 'HT55', 'HT55']"
USP6NL--UPF2,3,"['ccle', 'gcsi', 'gdsc']","['HT-29', 'HT-29', 'HT-29']"
ABHD12--PYGB,3,"['ccle', 'gcsi', 'gdsc']","['HT-29', 'HT-29', 'HT-29']"
ATP2C1--LINC01208,3,"['ccle', 'gcsi', 'gdsc']","['HT-29', 'HT-29', 'HT-29']"
FAM120B--PRKN,3,"['ccle', 'gcsi', 'gdsc']","['HT-29', 'HT-29', 'HT-29']"
AC068658.1--LINC01184,3,"['ccle', 'gcsi', 'gdsc']","['HT-115', 'HT-115', 'HT-115']"
PACSIN2--TTLL1,3,"['ccle', 'gcsi', 'gdsc']","['HT-115', 'HT-115', 'HT-115']"
FLOT1--LINC00243,3,"['ccle', 'gcsi', 'gdsc']","['HT-115', 'HT-115', 'HT-115']"
ST14--LINC01184,3,"['ccle', 'gcsi', 'gdsc']","['HT-115', 'HT-115', 'HT-115']"
SLC12A2--CCDC192,3,"['ccle', 'gcsi', 'gdsc']","['HT-115', 'HT-115', 'HT-115']"
CREBL2--FAM234B,3,"['ccle', 'gcsi', 'gdsc']","['HT-115', 'HT-115', 'HT-115']"
GPRC5A--RPL13AP20,3,"['ccle', 'gcsi', 'gdsc']","['HT-115', 'HT-115', 'HT-115']"
NT5DC1--FRK,3,"['ccle', 'gcsi', 'gdsc']","['HCT-15', 'HCT-15', 'HCT-15']"
UBA2--GPI,3,"['ccle', 'gcsi', 'gdsc']","['HCT-15', 'HCT-15', 'HCT-15']"
GGA3--NUP85,3,"['ccle', 'gcsi', 'gdsc']","['HCT-15', 'HCT-15', 'HCT-15']"
FRK--NT5DC1,3,"['ccle', 'gcsi', 'gdsc']","['HCT-15', 'HCT-15', 'HCT-15']"
PRMT3--RBM4B,3,"['ccle', 'gcsi', 'gdsc']","['HCT-15', 'HCT-15', 'HCT-15']"
MBTD1--UTP18,3,"['ccle', 'gcsi', 'gdsc']","['HCT-15', 'HCT-15', 'HCT-15']"
PLAUR--LYPD5,3,"['ccle', 'gcsi', 'gdsc']","['HCT-15', 'HCT-15', 'HCT-15']"
TCF7L2--AL158212.1,3,"['ccle', 'gcsi', 'gdsc']","['HCT-116', 'HCT-116', 'HCT-116']"
SPAG9--MBTD1,3,"['ccle', 'gcsi', 'gdsc']","['HCT-116', 'HCT-116', 'HCT-116']"
RFT1--UQCRC2,3,"['ccle', 'gcsi', 'gdsc']","['HCC1806', 'HCC1806', 'HCC1806']"
TAX1BP1--AHCY,3,"['ccle', 'gcsi', 'gdsc']","['HCC1806', 'HCC1806', 'HCC1806']"
CDCA5--LINC01986,3,"['ccle', 'gcsi', 'gdsc']","['HCC1806', 'HCC1806', 'HCC1806']"
AC010642.2--DPRX,3,"['ccle', 'gcsi', 'gdsc']","['HCC1806', 'HCC1806', 'HCC1806']"
POLA2--CAPN1,3,"['ccle', 'gcsi', 'gdsc']","['HCC1806', 'HCC1806', 'HCC1806']"
WNK1--CWC22,3,"['ccle', 'gcsi', 'gdsc']","['HCC1806', 'HCC1806', 'HCC1806']"
SMURF2--CEP112,3,"['ccle', 'gcsi', 'gdsc']","['HCC1806', 'HCC1806', 'HCC1806']"
LDLRAD3--TCP11L1,3,"['ccle', 'gcsi', 'gdsc']","['HCC1806', 'HCC1806', 'HCC1806']"
RPA1--SMYD4,3,"['ccle', 'gcsi', 'gdsc']","['HCC1806', 'HCC1806', 'HCC1806']"
FAM222B--SEZ6,3,"['ccle', 'gcsi', 'gdsc']","['HCC1806', 'HCC1806', 'HCC1806']"
TXNDC11--LITAF,3,"['ccle', 'gcsi', 'gdsc']","['HCC1806', 'HCC1806', 'HCC1806']"
BABAM2--DPYSL5,3,"['ccle', 'gcsi', 'gdsc']","['HCC1806', 'HCC1806', 'HCC1806']"
PTPRJ--LPXN,3,"['ccle', 'gcsi', 'gdsc']","['HCC1806', 'HCC1806', 'HCC1806']"
GALNT18--SBF2,3,"['ccle', 'gcsi', 'gdsc']","['HCC1806', 'HCC1806', 'HCC1806']"
GPR39--NCKAP5,3,"['ccle', 'gcsi', 'gdsc']","['HCC1806', 'HCC1806', 'HCC1806']"
HBEGF--AC008438.2,3,"['ccle', 'gcsi', 'gdsc']","['HCC1806', 'HCC1806', 'HCC1806']"
CTNND1--SMTNL1,3,"['ccle', 'gcsi', 'gdsc']","['HCC1187', 'HCC1187', 'HCC1187']"
MIA2--GEMIN2,3,"['ccle', 'gcsi', 'gdsc']","['HCC1187', 'HCC1187', 'HCC1187']"
PUM1--TRERF1,3,"['ccle', 'gcsi', 'gdsc']","['HCC1187', 'HCC1187', 'HCC1187']"
AGPAT5--MCPH1,3,"['ccle', 'gcsi', 'gdsc']","['HCC1187', 'HCC1187', 'HCC1187']"
KMT2E--LHFPL3,3,"['ccle', 'gcsi', 'gdsc']","['HCC1187', 'HCC1187', 'HCC1187']"
PPFIBP1--SMCO2,3,"['ccle', 'gcsi', 'gdsc']","['HCC1187', 'HCC1187', 'HCC1187']"
CTCF--SCUBE2,3,"['ccle', 'gcsi', 'gdsc']","['HCC1187', 'HCC1187', 'HCC1187']"
POFUT1--TM9SF4,3,"['ccle', 'gcsi', 'gdsc']","['HCC1187', 'HCC1187', 'HCC1187']"
SEC22B--NOTCH2,3,"['ccle', 'gcsi', 'gdsc']","['HCC1187', 'HCC1187', 'HCC1187']"
ALDOA--SHISA9,3,"['ccle', 'gcsi', 'gdsc']","['HCC1187', 'HCC1187', 'HCC1187']"
ANKRD40--ANKRD40CL,3,"['ccle', 'gcsi', 'gdsc']","['HCC1187', 'HCC1187', 'HCC1187']"
KLK5--CDH23,3,"['ccle', 'gcsi', 'gdsc']","['HCC1187', 'HCC1187', 'HCC1187']"
CASP7--PLEKHS1,3,"['ccle', 'gcsi', 'gdsc']","['DU-145', 'DU-145', 'DU-145']"
AC245140.2--TKTL1,3,"['ccle', 'gcsi', 'gdsc']","['DU-145', 'DU-145', 'DU-145']"
LDLR--AL451067.1,3,"['ccle', 'gcsi', 'gdsc']","['DU-145', 'DU-145', 'DU-145']"
ST7--BAIAP2L1,3,"['ccle', 'gcsi', 'gdsc']","['COLO-741', 'COLO-741', 'COLO-741']"
FHOD3--DLGAP1,3,"['ccle', 'gcsi', 'gdsc']","['COLO-741', 'COLO-741', 'COLO-741']"
MAFK--SLC29A4,3,"['ccle', 'gcsi', 'gdsc']","['COLO-741', 'COLO-741', 'COLO-741']"
MYO1D--ASIC2,3,"['ccle', 'gcsi', 'gdsc']","['COLO-741', 'COLO-741', 'COLO-741']"
SLC29A4--TRRAP,3,"['ccle', 'gcsi', 'gdsc']","['COLO-741', 'COLO-741', 'COLO-741']"
DPP3--SLC46A1,3,"['ccle', 'gcsi', 'gdsc']","['C2BBe1', 'C2BBe1', 'C2BBe1']"
BRCA2--N4BP2L2,3,"['ccle', 'gcsi', 'gdsc']","['C2BBe1', 'C2BBe1', 'C2BBe1']"
PEX14--PTPN14,3,"['ccle', 'gcsi', 'gdsc']","['C2BBe1', 'C2BBe1', 'C2BBe1']"
AP003327.2--AP003500.1,3,"['ccle', 'gcsi', 'gdsc']","['C2BBe1', 'C2BBe1', 'C2BBe1']"
