dataset,cell,accuracy,precision,#TP,#GT,#FP,TP_list,FP_list
ccle,BT474,0.8260869565217391,0.24675324675324675,19,23,58,"['AHCTF1--NAAA', 'SKA2--MYO19', 'ACACA--STAC2', 'TOB1--SYNRG', 'PIP4K2B--RAD51C', 'MED1--ACSF2', 'USP32--MED1', 'MED1--STXBP4', 'RPS6KB1--SNF8', 'MED13--BCAS3', 'TRPC4AP--MRPL45', 'STARD3--DOK5', 'VAPB--IKZF3', 'RAB22A--MYO9B', 'ZMYND8--CEP250', 'CPNE1--PI3', 'DIDO1--TTI1', 'GLB1--CMTM7', 'FAM102A--CIZ1']","['MEF2D--OR10J1', 'TPM3--ENSG00000234337', 'ENSG00000198744--MRPL45', 'ZC3H11A--CNOT6L', 'FAM89A--RNF4', 'MAP3K11--ENSG00000260877', 'FCHSD2--LRTOMT', 'ENSG00000224411--HSP90AA1', 'AHNAK--ENSG00000198763', 'NEAT1--RNR2', 'MALAT1--ENSG00000228253', 'RPS3--RNR2', 'RPS3--ENSG00000198727', 'STIP1--ENSG00000225536', 'PPP1R12A--MGAT4C', 'IRAK3--RBMS1', 'DENR--ENSG00000250917', 'PPP1R9A--WDR66', 'PDE3A--RNR2', 'PDE3A--ENSG00000198899', 'PDE3A--ENSG00000198886', 'PDE3A--ENSG00000198763', 'LNCRNA-ATB--TADA2A', 'LOC102724814--ENSG00000198712', 'TRIM37--MYO19', 'DYNLL2--TEX14', 'TEX14--HEATR6', 'LOC105371849--HEATR6', 'UBB--ENSG00000228253', 'NSRP1--ENSG00000228253', 'LASP1--ENSG00000228253', 'RPL19--ENSG00000228253', 'PSMD3--ENSG00000198804', 'ATP5F1A--ENSG00000228253', 'TPM4--SYCE2', 'GNAQ--ENSG00000214077', 'ANKRD30BL--ENSG00000198804', 'ANKRD30BL--ENSG00000198712', 'ANKRD30BL--ENSG00000228253', 'RPL37A--ENSG00000198712', 'IGFBP5--ENSG00000198727', 'IGFBP5--ENSG00000198886', 'IGFBP5--ENSG00000198712', 'CPNE1--WFDC12', 'ZFP64--PHACTR3', 'STX16-NPEPL1--RAE1', 'ENSG00000250859--HNRNPK', 'PRRC2A--RNR2', 'RPS18--ENSG00000198804', 'ZNF746--ZNF767P', 'HNRNPA2B1--ENSG00000228253', 'KAT6A--PLAT', 'COX6C--RNR1', 'COX6C--ENSG00000198804', 'ASTN2--ENSG00000231901', 'RNR2--ENSG00000198804', 'RNR2--ENSG00000198888', 'GABRA3--ZNF185']"
ccle,MCF7,0.5333333333333333,0.09090909090909091,8,15,80,"['AHCYL1--RAD51C', 'PAPOLA--AK7', 'RPS6KB1--VMP1', 'BCAS4--BCAS3', 'SMARCA4--CARM1', 'ARFGEF2--SULF2', 'MYH9--EIF3D', 'ADAMTS19--SLC27A6']","['TPM3--ENSG00000234337', 'FAM89A--RNF4', 'STIP1--ENSG00000225536', 'IRAK3--RBMS1', 'DENR--ENSG00000250917', 'UBB--ENSG00000228253', 'GNAQ--ENSG00000214077', 'ENSG00000250859--HNRNPK', 'COX6C--RNR2', 'COX6C--ENSG00000198804', 'KHNYN--NYNRIN', 'CCDC32--CBX3', 'FBXO42--SZRD1', 'VAV3--RSBN1', 'RSBN1--AP4B1-AS1', 'HIPK1--DENND2C', 'GATAD2B--NUP210L', 'ENSG00000259349--PLPPR5', 'ATP1A1-AS1--ENSG00000020256', 'TDRKH--ENSG00000163637', 'BEND7--PRPF18', 'ARRB1--KLHL35', 'DSCAML1--TRAPPC4', 'TUBA1C--SLC16A7', 'SARNP--ENSG00000207339', 'LEMD3--ENSG00000257268', 'PAWR--ENSG00000258048', 'GCN1--MSI1', 'SUCLG2--ENSG00000236349', 'SUDS3--ENSG00000249129', 'GAPDH--ENSG00000235587', 'ENSG00000259087--TTC6', 'FOXA1--TTC6', 'PDE8A--SCAND2P', 'B2M--ENSG00000198804', 'FUS--RNR2', 'SLC7A5--ENSG00000212907', 'TRIM37--RPS6KB1', 'CA4--TANC2', 'TANC2--CA4', 'USP32--PPM1D', 'USP32--APPBP2', 'TEX14--PTPRT', 'PARD6B--BCAS3', 'TBX2-AS1--UBE2V1', 'TAF4--BRIP1', 'ABCA5--PPP4R1L', 'TEX14--PTPRG', 'RAD51C--ATXN7', 'BCAS3--ATXN7', 'RPL27--SKP1', 'ACTB--ACTG1', 'ACTG1--ACTB', 'PPM1D--ENSG00000212907', 'MYL12A--LOC104968399', 'SLC39A6--ELP2', 'ENSG00000234115--IDH1', 'EIF3E--GRB14', 'TOP1--LOC100128988', 'PLCG1--TOP1', 'BCAS4--ZMYND8', 'SULF2--ENSG00000171940', 'SULF2--BMP7', 'ATP9A--ENSG00000234967', 'BCAS4--LINC01441', 'SULF2--PRICKLE2-AS1', 'RPS21--TAPT1-AS1', 'SYNCRIP--ENSG00000234241', 'SULF2--ENSG00000212907', 'PFKL--ENSG00000212907', 'DHX30--EMCN', 'PARL--ENSG00000217648', 'DEPDC1B--ELOVL7', 'SLC27A6--ADAMTS19-AS1', 'MYO6--SENP6', 'ESR1--CCDC170', 'ENSG00000254024--GRHL2', 'EIF3H--RAD21', 'RPL30--ENSG00000198938', 'TXLNG--SYAP1']"
ccle,SKBR3,0.5833333333333334,0.1891891891891892,7,12,30,"['TATDN1--GSDMB', 'RARA--PKIA', 'CYTH1--EIF3H', 'DHX35--ITCH', 'PREX1--CPNE1', 'SUMF1--LRRFIP2', 'ANKHD1--PCDH1']","['STIP1--ENSG00000225536', 'GNAQ--ENSG00000214077', 'ENSG00000250859--HNRNPK', 'ZNF746--ZNF767P', 'KPNA6--KHDRBS1', 'CD81-AS1--CD81', 'NEAT1--ERBB2', 'H19--ENSG00000198712', 'H19--ENSG00000228253', 'GAPDH--ENSG00000235587', 'GAPDH--ENSG00000228232', 'KHNYN--NYNRIN', 'CEP112--NEMF', 'NEMF--SNTB1', 'CERNA1--MYO5A', 'CCDC32--CBX3', 'ENSG00000259790--ANP32B', 'ATAD5--ASIC2', 'ATAD5--TLK2', 'RPL19--CATIP-AS2', 'RPL19--FAM153CP', 'CYTH1--ENSG00000147677', 'SCAF1--ALDH16A1', 'VSTM2L--CTNNBL1', 'DDT--DDTL', 'RTP2--MB21D2', 'TBC1D31--ZNF704', 'PVT1--LINC00536', 'TBC1D31--SLC30A8', 'SAMD12--MRPL13']"
edgren,BT474,0.34782608695652173,0.38095238095238093,8,23,13,"['ACACA--STAC2', 'MED1--ACSF2', 'RPS6KB1--SNF8', 'RAB22A--MYO9B', 'SKA2--MYO19', 'TOB1--SYNRG', 'MED1--STXBP4', 'VAPB--IKZF3']","['ENSG00000248527--PDE3A', 'HFM1--RNR2', 'NOTCH2NLB--RNR2', 'DLG2--UNC45B', 'DLG2--RNR2', 'PDE3A--RNR2', 'PDE3A--ENSG00000198938', 'PDE3A--ENSG00000228253', 'UBB--ENSG00000198804', 'UNC45B--ENSG00000198804', 'ERBB2--RNR2', 'ANKRD30BL--RNR2', 'RNR2--ENSG00000198712']"
edgren,BT474-S,0.21739130434782608,0.8333333333333334,5,23,1,"['ACACA--STAC2', 'SKA2--MYO19', 'TOB1--SYNRG', 'MED1--STXBP4', 'VAPB--IKZF3']",['PDE3A--RNR2']
edgren,MCF7,0.13333333333333333,0.3333333333333333,2,15,4,"['BCAS4--BCAS3', 'ARFGEF2--SULF2']","['PDE3A--RNR2', 'ANKRD30BL--RNR2', 'FOXA1--TTC6', 'SULF2--ENSG00000171940']"
edgren,SKBR3-0,0.16666666666666666,0.4,2,12,3,"['TATDN1--GSDMB', 'RARA--PKIA']","['PDE3A--RNR2', 'TOP1--FMO4', 'TEX101--ARL8B']"
edgren,SKBR3-1,0.08333333333333333,0.25,1,12,3,['TATDN1--GSDMB'],"['HFM1--RNR2', 'PDE3A--RNR2', 'PID1--ENSG00000198763']"
edgren,KPL4,0.3333333333333333,0.5,1,3,1,['BSG--NFIX'],['PDE3A--RNR2']
edgren_lenient,BT474,0.5217391304347826,0.08571428571428572,12,23,128,"['SKA2--MYO19', 'ACACA--STAC2', 'TOB1--SYNRG', 'MED1--ACSF2', 'RPS6KB1--SNF8', 'STARD3--DOK5', 'RAB22A--MYO9B', 'ZMYND8--CEP250', 'DIDO1--TTI1', 'AHCTF1--NAAA', 'MED1--STXBP4', 'VAPB--IKZF3']","['HFM1--DLG2', 'DLG2--HFM1', 'ENSG00000225630--PDE3A', 'ENSG00000248527--PDE3A', 'HFM1--UNC45B', 'ENSG00000229344--ANKRD30BL', 'HFM1--ENSG00000233654', 'HFM1--RNR2', 'HFM1--ENSG00000198804', 'HFM1--ENSG00000210151', 'NOTCH2--ENSG00000198888', 'NOTCH2--ENSG00000198804', 'NOTCH2NLB--ENSG00000198804', 'NOTCH2NLB--ENSG00000198888', 'NOTCH2NLB--RNR2', 'RYR2--ENSG00000198888', 'RYR2--ENSG00000198727', 'DLG2--UNC45B', 'UNC45B--DLG2', 'ENSG00000255293--WIZ', 'MALAT1--RNR2', 'MALAT1--ENSG00000198888', 'MALAT1--ENSG00000228253', 'MALAT1--ENSG00000198886', 'MALAT1--ENSG00000198938', 'MALAT1--ENSG00000198899', 'ALDH3B2--RNR2', 'INTS4--ENSG00000198888', 'DLG2--RNR2', 'DLG2--ENSG00000228253', 'DLG2--ENSG00000198712', 'DLG2--ENSG00000210127', 'DLG2--ENSG00000198804', 'PDE3A--UNC45B', 'RWDD1--ENSG00000258090', 'PDE3A--ENSG00000198727', 'PDE3A--RNR2', 'PDE3A--ENSG00000198938', 'PDE3A--ENSG00000228253', 'ENSG00000256756--TIMM17B', 'ENSG00000271198--VDAC3', 'DHRS2--RNR2', 'PKM--RNR2', 'YWHAE--ENSG00000198888', 'UBB--ENSG00000198727', 'UBB--ENSG00000198804', 'UNC45B--RNR2', 'UNC45B--ENSG00000198804', 'UNC45B--ENSG00000198712', 'UNC45B--ENSG00000198763', 'LASP1--ENSG00000198899', 'LASP1--RNR2', 'LASP1--ENSG00000198727', 'RPL19--RNR1', 'ERBB2--RNR2', 'PGAP3--ENSG00000198899', 'PGAP3--RNR2', 'ORMDL3--ENSG00000198712', 'ORMDL3--RNR2', 'LRRC59--ENSG00000198804', 'DYNLL2--RNR2', 'P4HB--ENSG00000198763', 'ARHGDIA--ENSG00000198712', 'FASN--RNR2', 'DSC3--DSC2', 'ANKRD30BL--ENSG00000198727', 'ANKRD30BL--ENSG00000198899', 'ANKRD30BL--RNR2', 'ANKRD30BL--ENSG00000228253', 'IGFBP5--RNR2', 'IGFBP5--ENSG00000198712', 'IGFBP5--ENSG00000198786', 'IGFBP5--ENSG00000198899', 'PID1--ENSG00000198763', 'PID1--ENSG00000198804', 'PID1--ENSG00000198712', 'PID1--ENSG00000198899', 'PID1--RNR2', 'PID1--ENSG00000198938', 'STX16-NPEPL1--RAE1', 'RAE1--RNR2', 'ENSG00000224905--RNR2', 'ULK4--ATP6V0E1', 'PDHA2--PDHA1', 'ENSG00000270906--PCBD2', 'HNRNPA2B1--ENSG00000198938', 'HNRNPA2B1--RNR2', 'HNRNPA2B1--ENSG00000198763', 'VCP--RNR2', 'RNR1--RNR2', 'RNR2--ENSG00000198938', 'RNR2--ENSG00000198899', 'RNR2--ENSG00000198763', 'RNR2--ENSG00000198886', 'RNR2--ENSG00000198804', 'RNR2--ENSG00000198712', 'RNR2--ENSG00000198888', 'RNR2--ENSG00000198727', 'ENSG00000225972--MALAT1', 'ENSG00000225630--MALAT1', 'ENSG00000248527--TAF15', 'ENSG00000248527--PGAP3', 'ENSG00000237973--PID1', 'ENSG00000198744--PID1', 'TARDBP--RNR2', 'MRPS21--RNR2', 'CCT3--RNR2', 'PSAP--RNR2', 'CCT5--ENSG00000230584', 'ENSG00000249004--PRMT5', 'ENSG00000213209--HYPK', 'TP53--RNR2', 'ENSG00000235979--RNR2', 'MRPL45--RNR2', 'ENSG00000198695--LASP1', 'CLTC--ENSG00000198899', 'EEF2--ENSG00000198888', 'CALR--RNR2', 'ENSG00000210144--PID1', 'NCL--RNR2', 'APP--ENSG00000198712', 'KPNA4--ENSG00000217060', 'HNRNPD--ENSG00000232794', 'SNHG32--RNR2', 'EIF4H--RNR2', 'RPL8--RNR2', 'RPL8--ENSG00000198888', 'ENSG00000226958--RNR2']"
edgren_lenient,MCF7,0.26666666666666666,0.26666666666666666,4,15,11,"['PAPOLA--AK7', 'BCAS4--BCAS3', 'SMARCA4--CARM1', 'ARFGEF2--SULF2']","['HFM1--RNR2', 'PDE3A--RNR2', 'PDE3A--ENSG00000198763', 'UNC45B--ENSG00000198712', 'ANKRD30BL--RNR2', 'MRPL3--ANKRD26P3', 'FOXA1--TTC6', 'LRP1B--PLXDC1', 'TEX101--ARL8B', 'SULF2--ENSG00000171940', 'SRPK2--NKAIN3']"
edgren_lenient,SKBR3-0,0.3333333333333333,0.17391304347826086,4,12,19,"['TATDN1--GSDMB', 'RARA--PKIA', 'SUMF1--LRRFIP2', 'ANKHD1--PCDH1']","['HFM1--RNR1', 'DLG2--UNC45B', 'DLG2--RNR2', 'PDE3A--RNR2', 'PDE3A--ENSG00000198763', 'ERBB2--RNR2', 'ANKRD30BL--RNR2', 'TEX101--ARL8B', 'TOP1--FMO4', 'MATR3--ENSG00000232952', 'POLR2E--ENSG00000255210', 'H19--ENSG00000198712', 'H19--RNR2', 'H19--ENSG00000198763', 'ENSG00000216306--KRT19', 'PDE3A--DHFR', 'KRT7--RNR2', 'PDE3A--ENSG00000225840', 'CYTH1--ENSG00000147677']"
edgren_lenient,SKBR3-1,0.4166666666666667,0.1388888888888889,5,12,31,"['TATDN1--GSDMB', 'RARA--PKIA', 'CYTH1--EIF3H', 'SUMF1--LRRFIP2', 'ANKHD1--PCDH1']","['ENSG00000198744--PDE3A', 'HFM1--RNR2', 'DLG2--UNC45B', 'PDE3A--RNR2', 'ERBB2--RNR2', 'ANKRD30BL--RNR2', 'PID1--ENSG00000198763', 'PID1--ENSG00000198712', 'HNRNPA2B1--ENSG00000198888', 'NCL--ENSG00000198763', 'H19--ENSG00000198712', 'H19--ENSG00000212907', 'H19--RNR2', 'KRT7--RNR2', 'CYTH1--ENSG00000147677', 'UQCRHL--ENSG00000173660', 'ENSG00000227437--RPS8', 'FAM89A--RNF4', 'SLCO5A1--HFM1', 'ENSG00000226958--HFM1', 'PSMC3--SAXO1', 'ENSG00000198695--H19', 'STARD10--RNR2', 'RBFOX2--NDUFA9', 'EIF4B--RNR2', 'ALYREF--ENSG00000219039', 'LSM14A--LILRB3', 'LIMS1--LIMS4', 'SLCO5A1--ENSG00000198840', 'ENSG00000238116--RAD21', 'HSPA5--RNR2']"
edgren_lenient,KPL4,0.3333333333333333,0.09090909090909091,1,3,10,['BSG--NFIX'],"['HFM1--ENSG00000233654', 'HFM1--ENSG00000198763', 'DLG2--ENSG00000228253', 'DLG2--RNR2', 'DLG2--ENSG00000198712', 'PDE3A--RNR2', 'ENSG00000228938--SNRPD2', 'FAT3--SMCHD1', 'RPL38--LOC101927967', 'ENSG00000251577--DDX3X']"
gcsi,BT474,0.8695652173913043,0.09852216748768473,20,23,183,"['AHCTF1--NAAA', 'LAMP1--MCF2L', 'SKA2--MYO19', 'ACACA--STAC2', 'TOB1--SYNRG', 'PIP4K2B--RAD51C', 'MED1--ACSF2', 'USP32--MED1', 'MED1--STXBP4', 'RPS6KB1--SNF8', 'MED13--BCAS3', 'TRPC4AP--MRPL45', 'STARD3--DOK5', 'VAPB--IKZF3', 'RAB22A--MYO9B', 'ZMYND8--CEP250', 'CPNE1--PI3', 'DIDO1--TTI1', 'GLB1--CMTM7', 'FAM102A--CIZ1']","['ENSG00000248527--CCT3', 'ENO1--EDARADD', 'CASZ1--TNFRSF8', 'IPO13--CCDC24', 'SMYD3--ENSG00000143420', 'MEF2D--OR10J1', 'KDM5B--DNAH14', 'NVL--ENAH', 'ENSG00000229344--HSP90AA1', 'HNRNPCL1--HNRNPC', 'ENSG00000248527--ARL6IP1', 'ENSG00000198744--FUS', 'ENSG00000225630--RPL23', 'ENSG00000233328--PFN1', 'ENSG00000213225--NOC2L', 'ZC3H11A--CNOT6L', 'FAM89A--RNF4', 'ENSG00000244192--RPL11', 'DPYD--SEC63', 'HMGN3--ENSG00000227415', 'ENSG00000234741--MDN1', 'ENSG00000248527--RPL8', 'PARP1--RNR2', 'HNRNPU--ENSG00000198938', 'FDPS--ENSG00000215035', 'ENSG00000272734--ADIRF', 'ENSG00000213574--LDHA', 'SCD--ENSG00000226549', 'HNRNPH3--ENSG00000198888', 'HNRNPH3--ENSG00000198712', 'BLOC1S2--ENSG00000236982', 'RRM1--TRIM68', 'ENSG00000176340--COX8A', 'POLA2--MAP3K11', 'NUMA1--FCHSD2', 'FCHSD2--LRTOMT', 'TPT1-AS1--RCN1', 'TSG101--YWHAB', 'YWHAB--TSG101', 'RPS3--ENSG00000228205', 'ENSG00000213121--RPL27A', 'CTNND1--ENSG00000198763', 'PRDX5--RNR2', 'SF1--RNR2', 'RPS6KB2--ENSG00000198804', 'RPS3--ENSG00000198727', 'RPS3--ENSG00000228253', 'STIP1--ENSG00000225536', 'PPP1R12A--MGAT4C', 'MYL6--ENSG00000228118', 'ENSG00000123009--NME1-NME2', 'PDE3A--ANKRD30BL', 'IRAK3--RBMS1', 'RAN--ENSG00000213370', 'RAN--ENSG00000236603', 'PPP1R9A--WDR66', 'PDE3A--RNR2', 'LDHB--RNR2', 'KRT7--RNR2', 'PCBP2--ENSG00000198804', 'PEBP1--ENSG00000198727', 'UBC--RNR2', 'GAPDH--ENSG00000235587', 'KATNAL1--PRDX2', 'ENSG00000230584--CCT5', 'TPT1--ENSG00000214460', 'PABPC1--PABPC3', 'ZFYVE26--RAD51B', 'ENSG00000249004--PRMT5', 'TTC7B--RPS18', 'HSP90AA1--ENSG00000198763', 'GABRB3--RYR3', 'TJP1--ENSG00000229389', 'OTUD7A--LOC100288637', 'NGRN--PERP', 'ENSG00000259696--ADAMTS13', 'ENSG00000259790--ANP32B', 'PKM--ENSG00000198886', 'ETFA--ENSG00000198938', 'ARL6IP1--ENSG00000198899', 'UBB--LASP1', 'TRIM37--MYO19', 'TEX14--HEATR6', 'PTRH2--BCAS3', 'LOC105371849--HEATR6', 'BCAS3--TANC2', 'GCGR--SECTM1', 'PSMB3--ENSG00000225794', 'IKZF3--CBFA2T2', 'RPL19--FAM153CP', 'KRT19--ENSG00000218014', 'FBXL20--GALNT17', 'ENSG00000236496--GPS2', 'PFN1--ENSG00000198712', 'UBB--ENSG00000228253', 'UBB--ENSG00000198727', 'UBB--RNR2', 'UBB--ENSG00000198804', 'ENSG00000198695--UBB', 'CWC25--ENSG00000198763', 'LASP1--ENSG00000198763', 'LASP1--ENSG00000198938', 'LASP1--ENSG00000212907', 'LASP1--ENSG00000198886', 'RPL19--ENSG00000228253', 'RPL19--RNR2', 'RPL19--ENSG00000198899', 'PGAP3--RNR2', 'ORMDL3--ENSG00000228253', 'ORMDL3--RNR2', 'PSMD3--ENSG00000198938', 'KRT19--ENSG00000198804', 'KRT19--ENSG00000198899', 'DYNLL2--RNR2', 'CLTC--RNR2', 'DDX5--ENSG00000228253', 'TPM4--SYCE2', 'ENSG00000233762--RPS15', 'MAP2K2--LOC407835', 'HNRNPM--ENSG00000198899', 'ZNF417--CCNB3', 'LIMS1--LIMS4', 'ACSL3--SGPP2', 'KIF1A--SNED1', 'HADHA--CPE', 'CATIP-AS2--FAM153CP', 'GNAQ--ENSG00000214077', 'IGFBP5--ENSG00000228253', 'IGFBP5--ENSG00000198786', 'NCL--RNR2', 'NCL--ENSG00000198712', 'PTMA--ENSG00000228253', 'HDLBP--ENSG00000210082', 'ESF1--MACROD2', 'CPNE1--WFDC12', 'ADNP-AS1--DPM1', 'ZFP64--PHACTR3', 'STX16-NPEPL1--RAE1', 'CENPB--ENSG00000228253', 'PCNA-AS1--RNR2', 'DYNLRB1--ENSG00000228253', 'DYNLRB1--ENSG00000198888', 'DYNLRB1--ENSG00000198938', 'ATP9A--ENSG00000198804', 'GNAS--ENSG00000198712', 'RPL8--ENSG00000225267', 'MAPK12--MAPK11', 'XBP1--RNR2', 'PARL--ENSG00000217648', 'LMTK2--TBC1D5', 'PCOLCE2--RPL8', 'WDR82--RNR2', 'INPP4B--ENSG00000246448', 'RWDD4--ENSG00000237251', 'RWDD4--SRPK2', 'CCT5--ENSG00000250444', 'RACK1--FER', 'FER--RACK1', 'ENSG00000250859--HNRNPK', 'FAM153CP--ENSG00000198888', 'FAM153CP--ENSG00000198886', 'FAM153CP--ENSG00000198712', 'TUBB--ENSG00000127589', 'ILRUN--ENSG00000228253', 'ENSG00000226278--KMT2C', 'ZNF746--ZNF767P', 'SRPK2--NKAIN3', 'HNRNPA2B1--RNR2', 'HSPB1--ENSG00000230216', 'ENSG00000251191--LOC101929470', 'EPPK1--RECQL4', 'VPS13B--ENSG00000198727', 'COX6C--ENSG00000212907', 'COX6C--RNR2', 'COX6C--ENSG00000198804', 'CYC1--RNR2', 'RPL8--ENSG00000198712', 'RPL8--ENSG00000198938', 'STAU2-AS1--ENSG00000227581', 'ASTN2--ENSG00000231901', 'PTGES2--ENSG00000198899', 'RNR2--ENSG00000209082', 'ENSG00000198886--PGK1']"
gcsi,MCF7,0.4,0.08823529411764706,6,15,62,"['PAPOLA--AK7', 'RPS6KB1--VMP1', 'BCAS4--BCAS3', 'SMARCA4--CARM1', 'ARFGEF2--SULF2', 'ADAMTS19--SLC27A6']","['ENSG00000213225--NOC2L', 'ENSG00000234741--MDN1', 'STIP1--ENSG00000225536', 'ENSG00000123009--NME1-NME2', 'IRAK3--RBMS1', 'RAN--ENSG00000236603', 'MAP2K2--LOC407835', 'GNAQ--ENSG00000214077', 'CCT5--ENSG00000250444', 'ENSG00000250859--HNRNPK', 'SRPK2--NKAIN3', 'VPS13B--ENSG00000198727', 'SEMA4D--ABCA1', 'FBXO42--SZRD1', 'VAV3--RSBN1', 'RSBN1--AP4B1-AS1', 'HIPK1--DENND2C', 'GATAD2B--NUP210L', 'PDE4DIP--SGF29', 'ENSG00000259349--PLPPR5', 'BCAS3--REG4', 'ATP1A1-AS1--ENSG00000020256', 'MAN1A2--CBLN4', 'ZNF354C--CSDE1', 'BEND7--PRPF18', 'GBF1--ENSG00000172264', 'SYTL2--PICALM', 'DSCAML1--TRAPPC4', 'TUBA1C--SLC16A7', 'GCN1--MSI1', 'ENSG00000236603--RAN', 'ENSG00000254349--PCBP2', 'RNF6--FOXO1', 'USP31--CRYL1', 'ENSG00000259087--TTC6', 'FOXA1--TTC6', 'SNX6--RPS19', 'ADAT1--ENSG00000166848', 'TRIM37--RPS6KB1', 'TANC2--CA4', 'USP32--PPM1D', 'TBX2-AS1--UBE2V1', 'TAF4--BRIP1', 'TEX14--PTPRG', 'SLC39A6--ELP2', 'GIGYF2--EIF4E2', 'PLCG1--TOP1', 'SULF2--ENSG00000171940', 'SULF2--BMP7', 'SULF2--PRICKLE2-AS1', 'DHX30--EMCN', 'RPL30--ENSG00000237676', 'DEPDC1B--ELOVL7', 'SLC27A6--ADAMTS19-AS1', 'AFF4--HSPA4', 'MYO6--SENP6', 'ESR1--CCDC170', 'POP1--MATN2', 'GRHL2--ENSG00000253282', 'ENSG00000254024--GRHL2', 'RGS3--BRD3', 'TXLNG--SYAP1']"
gcsi,SKBR3,0.4166666666666667,0.45454545454545453,5,12,6,"['TATDN1--GSDMB', 'RARA--PKIA', 'CYTH1--EIF3H', 'PREX1--CPNE1', 'SUMF1--LRRFIP2']","['CDKN2A--CDKN2B-AS1', 'RPL19--CATIP-AS2', 'CYTH1--ENSG00000147677', 'VSTM2L--CTNNBL1', 'SAMD12--MRPL13', 'TAF2--COLEC10']"
gcsi,KPL4,0.6666666666666666,0.0625,2,3,30,"['BSG--NFIX', 'NOTCH1--NUP214']","['ENSG00000213225--NOC2L', 'DPYD--SEC63', 'ENSG00000234741--MDN1', 'IRAK3--RBMS1', 'LIMS1--LIMS4', 'GNAQ--ENSG00000214077', 'LMTK2--TBC1D5', 'STAU2-AS1--ENSG00000227581', 'ENSG00000234741--GABRB3', 'TESMIN--CDK12', 'PPFIA1--MSL1', 'FAT3--SMCHD1', 'PPP1R12A--SEPTIN10', 'URM1--ATP8A2', 'MTUS2--NOTCH1', 'ERBB2--GRB7', 'ZNF676--ENSG00000198597', 'ENSG00000232368--FTL', 'PCBP3--ENSG00000229986', 'MUC20--ENSG00000236833', 'ENSG00000249026--ETF1', 'ETF1--CTNNA1', 'CDKN2A--CDKN2B-AS1', 'GBA2--CLTA', 'PRUNE2--TUBBP5', 'SHC3--ABCA1', 'NR4A3--GAS2L1P2', 'C5--NR4A3', 'INIP--C5', 'SWI5--COL5A1']"
gcsi_lenient,BT474,0.6521739130434783,0.016930022573363433,15,23,871,"['AHCTF1--NAAA', 'LAMP1--MCF2L', 'SKA2--MYO19', 'ACACA--STAC2', 'TOB1--SYNRG', 'PIP4K2B--RAD51C', 'MED1--ACSF2', 'USP32--MED1', 'MED1--STXBP4', 'RPS6KB1--SNF8', 'MED13--BCAS3', 'TRPC4AP--MRPL45', 'STARD3--DOK5', 'VAPB--IKZF3', 'RAB22A--MYO9B']","['ENSG00000248527--CCT3', 'ENO1--EDARADD', 'CASZ1--TNFRSF8', 'FBXO6--FBXO44', 'IPO13--CCDC24', 'SMYD3--ENSG00000143420', 'NEK2--FDPS', 'MEF2D--OR10J1', 'KDM5B--DNAH14', 'NVL--ENAH', 'HNRNPR--MLLT10', 'ENSG00000248527--MALAT1', 'ALDH3B2--ENSG00000248527', 'RCC2--ASRGL1', 'ZYG11B--RPS13', 'CHORDC1--ENSG00000233020', 'CEP57--LOC100506023', 'GAPDH--ENSG00000248527', 'PTP4A2--ZNF84-DT', 'ENSG00000226415--TPI1', 'PTGES3--ENSG00000234518', 'PARP1--ENSG00000227105', 'DGKH--FH', 'ENSG00000225630--HSP90AA1', 'ENSG00000229344--HSP90AA1', 'HNRNPCL1--HNRNPC', 'PDIA3--CHD1L', 'ENSG00000225972--ARL6IP1', 'ENSG00000248527--ARL6IP1', 'ENSG00000198744--FUS', 'ENSG00000225972--LASP1', 'ENSG00000248527--LASP1', 'ENSG00000198744--LASP1', 'ENSG00000225630--RPL23', 'ENSG00000225630--TAF15', 'ENSG00000248527--UBB', 'TMEM222--ACTG1', 'ROR1--RPL19', 'ENSG00000233328--PFN1', 'PFN1--ENSG00000233328', 'ACTG1--LOC100130331', 'ENSG00000225630--CALR', 'ENSG00000229344--CALR', 'ENSG00000178715--RPS16', 'ENSG00000225630--PTMA', 'ENSG00000237973--UGP2', 'ENSG00000240409--IGFBP5', 'ENSG00000248527--IGFBP5', 'ENSG00000213225--NOC2L', 'NUDC--FMNL2', 'AK2--ENSG00000242272', 'ENSG00000228507--DAP3', 'SLMO2-ATP5E--ENSG00000226226', 'CHD1L--CCT8', 'EWSR1--ENSG00000215835', 'CAP1--ENSG00000185008', 'FMN2--PSMD2', 'ZC3H11A--CNOT6L', 'FAM89A--RNF4', 'ENSG00000244192--RPL11', 'ENSG00000225630--HSP90AB1', 'DPYD--SEC63', 'HMGN3--ENSG00000227415', 'ENSG00000234741--MDN1', 'ENSG00000198744--HNRNPA2B1', 'ENSG00000248527--RPL8', 'SRRM1--PRNCR1', 'PRPF3--PPP1R42', 'ENSG00000237008--LAPTM4B', 'B3GALT6--ENSG00000198888', 'AURKAIP1--ENSG00000198804', 'RERE--ENSG00000228253', 'ENO1--RNR2', 'ENO1--ENSG00000228253', 'ENO1--ENSG00000198712', 'ENO1--ENSG00000198888', 'ENO1--ENSG00000198763', 'TARDBP--RNR2', 'MFN2--ENSG00000198712', 'UQCRHL--ENSG00000198886', 'UQCRHL--RNR2', 'UQCRHL--ENSG00000212907', 'CAMK2N1--ENSG00000198763', 'KHDRBS1--RNR2', 'SFPQ--RNR2', 'SFPQ--ENSG00000198712', 'PRDX1--ENSG00000198763', 'NASP--RNR2', 'DHCR24--RNR2', 'DHCR24--ENSG00000198804', 'DHCR24--ENSG00000228253', 'ENSG00000226415--RNR2', 'HFM1--ENSG00000198804', 'HFM1--RNR2', 'HFM1--ENSG00000198938', 'ABCD3--ENSG00000228253', 'PRPF38B--ENSG00000198712', 'PRPF38B--ENSG00000198804', 'LAMTOR5--RNR2', 'ENSG00000236480--RNR2', 'CSDE1--ENSG00000198888', 'CSDE1--ENSG00000198763', 'CSDE1--ENSG00000198804', 'MRPS21--RNR2', 'MRPS21--ENSG00000198712', 'MCL1--ENSG00000198763', 'MCL1--ENSG00000198804', 'MCL1--ENSG00000228253', 'MCL1--ENSG00000198712', 'MCL1--RNR2', 'S100A16--ENSG00000198763', 'S100A16--ENSG00000198712', 'CHTOP--ENSG00000198804', 'CREB3L4--ENSG00000198804', 'S100A16--ENSG00000198888', 'S100A16--RNR2', 'S100A14--ENSG00000198763', 'S100A14--ENSG00000228253', 'S100A14--ENSG00000198804', 'S100A14--RNR2', 'ILF2--ENSG00000198763', 'TPM3--ENSG00000228253', 'TPM3--ENSG00000198888', 'ADAR--RNR1', 'LMNA--RNR2', 'CCT3--ENSG00000198712', 'CCT3--ENSG00000228253', 'CCT3--ENSG00000198899', 'CCT3--ENSG00000198763', 'CCT3--ENSG00000198804', 'GPATCH4--ENSG00000198888', 'HDGF--ENSG00000198763', 'HDGF--ENSG00000198888', 'HDGF--ENSG00000198712', 'PEA15--ENSG00000198763', 'COPA--ENSG00000198886', 'COPA--RNR2', 'COPA--ENSG00000198712', 'ALDH9A1--RNR2', 'PRRC2C--ENSG00000198899', 'EEF1AKNMT--RNR2', 'DHX9--ENSG00000198804', 'NUCKS1--ENSG00000198712', 'NUCKS1--ENSG00000198763', 'WDR26--ENSG00000198763', 'SRP9--RNR2', 'PARP1--RNR2', 'PARP1--ENSG00000198804', 'ARF1--RNR2', 'RBM34--RNR1', 'RBM34--RNR2', 'HNRNPU--RNR2', 'HNRNPU--ENSG00000228253', 'HNRNPU--ENSG00000198938', 'HNRNPU--ENSG00000198712', 'FDPS--ENSG00000215035', 'ENSG00000272734--ADIRF', 'LDHA--ENSG00000213574', 'ENSG00000213574--LDHA', 'ENSG00000227173--MYL6', 'SCD--ENSG00000226549', 'RPL13AP5--RPL13A', 'ENSG00000225155--TOMM22', 'ENSG00000213383--PPA1', 'PFKP--ENSG00000198712', 'PFKP--ENSG00000228253', 'ITGB1--ENSG00000198804', 'ITGB1--ENSG00000228253', 'HNRNPF--RNR2', 'ZWINT--ENSG00000198888', 'ZWINT--RNR2', 'HNRNPH3--ENSG00000198888', 'HNRNPH3--ENSG00000228253', 'HNRNPH3--RNR2', 'HNRNPH3--ENSG00000198763', 'HNRNPH3--ENSG00000198712', 'HNRNPH3--ENSG00000198938', 'PSAP--ENSG00000198763', 'PSAP--ENSG00000198804', 'PSAP--RNR2', 'PSAP--ENSG00000198712', 'ANXA7--ENSG00000198888', 'GHITM--ENSG00000198888', 'GHITM--ENSG00000198712', 'GHITM--RNR2', 'SCD--RNR2', 'SCD--ENSG00000198888', 'SCD--ENSG00000198763', 'EIF3A--ENSG00000198712', 'BLOC1S2--ENSG00000236982', 'CD81-AS1--CD81', 'RRM1--TRIM68', 'ENSG00000176340--COX8A', 'FAU--ENSG00000162298', 'POLA2--MAP3K11', 'MAP3K11--ENSG00000260877', 'RPS6KB2--CORO1B', 'NUMA1--FCHSD2', 'FCHSD2--LRTOMT', 'RPS3--TAFA2', 'TPT1-AS1--RCN1', 'C11orf58--ENSG00000259137', 'UCP2--HSP90AA1', 'MUC6--ORMDL3', 'MUC6--LASP1', 'MUC6--UBB', 'SEC14L1--ALKBH3', 'TP53I11--LASP1', 'UCP2--LRRC59', 'RPS3--LASP1', 'FAU--ENSG00000235297', 'UCP2--IGFBP5', 'TSG101--YWHAB', 'YWHAB--TSG101', 'RPS3--ENSG00000228205', 'ENSG00000251017--CCDC90B', 'ENSG00000255500--PANK3', 'ENSG00000213121--RPL27A', 'MUC6--HNRNPA2B1', 'UCP2--CHCHD3', 'PSMC3--SAXO1', 'FRMPD1--RAB1B', 'ENSG00000230360--DDX10', 'MUC6--ENSG00000198763', 'MUC6--ENSG00000228253', 'MUC6--ENSG00000198804', 'CTSD--RNR2', 'CTSD--ENSG00000198763', 'EIF4G2--ENSG00000198763', 'EIF4G2--ENSG00000198712', 'C11orf58--ENSG00000198712', 'C11orf58--ENSG00000198804', 'C11orf58--ENSG00000198888', 'LDHA--ENSG00000198888', 'CSTF3--ENSG00000198886', 'EHF--ENSG00000228253', 'TRIM44--ENSG00000198888', 'TRIM44--ENSG00000198763', 'TRIM44--ENSG00000198804', 'TP53I11--ENSG00000198804', 'MDK--RNR2', 'MDK--ENSG00000198804', 'NDUFS3--ENSG00000209082', 'TNKS1BP1--ENSG00000198888', 'TNKS1BP1--RNR2', 'CTNND1--ENSG00000198763', 'CTNND1--ENSG00000198712', 'TMEM132A--RNR2', 'DDB1--ENSG00000198804', 'DDB1--RNR2', 'SYT7--ENSG00000198804', 'FADS2--RNR2', 'AHNAK--RNR2', 'EEF1G--RNR2', 'GANAB--RNR2', 'GANAB--ENSG00000198712', 'HNRNPUL2--RNR2', 'SLC3A2--ENSG00000198888', 'TRMT112--RNR2', 'TRMT112--ENSG00000198804', 'SF1--RNR2', 'PRDX5--ENSG00000198888', 'PRDX5--RNR2', 'PRDX5--ENSG00000198804', 'SF1--ENSG00000198712', 'MRPL49--RNR2', 'NEAT1--RNR2', 'NEAT1--ENSG00000198888', 'NEAT1--ENSG00000198804', 'NEAT1--ENSG00000198712', 'NEAT1--ENSG00000198899', 'NEAT1--ENSG00000228253', 'MALAT1--ENSG00000198712', 'MALAT1--RNR2', 'MALAT1--ENSG00000228253', 'MALAT1--ENSG00000198804', 'MALAT1--ENSG00000198763', 'MALAT1--ENSG00000198888', 'MALAT1--ENSG00000198886', 'MALAT1--ENSG00000198899', 'CFL1--ENSG00000228253', 'CFL1--ENSG00000198804', 'CFL1--ENSG00000198712', 'RAB1B--ENSG00000198888', 'KDM2A--RNR2', 'RPS6KB2--ENSG00000198804', 'NDUFV1--ENSG00000228253', 'ALDH3B2--ENSG00000198899', 'ALDH3B2--ENSG00000198712', 'ALDH3B2--ENSG00000198804', 'ALDH3B2--ENSG00000198888', 'CCND1--RNR2', 'CTTN--ENSG00000198804', 'ANAPC15--ENSG00000198727', 'STARD10--ENSG00000198804', 'STARD10--ENSG00000198888', 'STARD10--ENSG00000228253', 'STARD10--RNR2', 'UCP2--ENSG00000198763', 'UCP2--ENSG00000198712', 'UCP2--ENSG00000198938', 'UCP2--RNR2', 'RPS3--ENSG00000198727', 'RPS3--RNR2', 'RPS3--ENSG00000228253', 'RPS3--ENSG00000198938', 'RPS3--ENSG00000198712', 'RPS3--ENSG00000198888', 'TSKU--ENSG00000198804', 'PRSS23--RNR2', 'YAP1--RNR2', 'TMEM123--ENSG00000198712', 'TMEM123--ENSG00000228253', 'TMEM123--RNR2', 'BCL9L--ENSG00000198712', 'APLP2--ENSG00000198888', 'APLP2--ENSG00000198899', 'APLP2--ENSG00000228253', 'APLP2--ENSG00000198763', 'APLP2--RNR2', 'ENSG00000198695--APLP2', 'STIP1--ENSG00000225536', 'DDX23--ENSG00000257616', 'PPP1R12A--MGAT4C', 'ENSG00000008394--SUPT16H', 'ANP32D--ANP32A', 'HSP90B1--LRRC28', 'LRRC28--HSP90B1', 'SRSF9--AP3B2', 'MYL6--ENSG00000228118', 'ENSG00000123009--NME1-NME2', 'GOLGA3--RPS11', 'PDE3A--ANKRD30BL', 'IRAK3--RBMS1', 'ERP29--ZFP64', 'ZFP64--ERP29', 'PPHLN1--FXR1', 'RAN--ENSG00000213370', 'KRT8--CEP120', 'CLIC1--ENSG00000231313', 'RAN--ENSG00000236603', 'TPI1--HNRNPA2B1', 'ATP5MF-PTCD1--SARNP', 'ENSG00000223559--XPOT', 'PPP1R9A--WDR66', 'ENSG00000254349--PCBP2', 'NACA4P--NACA', 'ITFG2-AS1--ENSG00000198804', 'FOXM1--ENSG00000198712', 'CD9--RNR2', 'GAPDH--ENSG00000198763', 'GAPDH--ENSG00000198899', 'GAPDH--ENSG00000228253', 'GAPDH--RNR2', 'MLF2--RNR2', 'TPI1--RNR2', 'M6PR--ENSG00000198804', 'M6PR--ENSG00000198712', 'M6PR--ENSG00000198888', 'PDE3A--RNR2', 'PDE3A--ENSG00000198763', 'LDHB--ENSG00000198804', 'LDHB--RNR2', 'SLC38A1--ENSG00000198888', 'TMEM106C--ENSG00000198804', 'ARF3--RNR2', 'TUBA1C--RNR2', 'TUBA1B--RNR2', 'TMBIM6--RNR2', 'TMBIM6--ENSG00000198938', 'TMBIM6--ENSG00000198804', 'KRT7--RNR2', 'KRT7--ENSG00000198727', 'KRT7--ENSG00000198888', 'KRT8--RNR2', 'PCBP2--ENSG00000198804', 'HNRNPA1--ENSG00000198899', 'CD63--ENSG00000198804', 'CD63--ENSG00000198938', 'CD63--ENSG00000198763', 'CD63--ENSG00000198888', 'CD63--RNR2', 'DNAJC14--RNR2', 'PA2G4--ENSG00000198712', 'MYL6--RNR2', 'MYL6--ENSG00000198804', 'MYL6--ENSG00000198712', 'ATP5F1B--ENSG00000198804', 'ATP5F1B--ENSG00000198763', 'ATP5F1B--ENSG00000198888', 'ATP5F1B--ENSG00000228253', 'ATP5F1B--RNR2', 'OS9--ENSG00000198763', 'OS9--ENSG00000228253', 'HSP90B1--RNR2', 'HSP90B1--ENSG00000198763', 'HSP90B1--ENSG00000198888', 'TXNRD1--RNR2', 'VPS29--ENSG00000198899', 'VPS29--ENSG00000198938', 'PEBP1--ENSG00000198727', 'GCN1--ENSG00000198888', 'RPLP0--ENSG00000198804', 'SRSF9--RNR2', 'SRSF9--ENSG00000228253', 'SRSF9--ENSG00000198804', 'TMED2--ENSG00000198804', 'TMED2--RNR2', 'ZNF664-RFLNA--ENSG00000198712', 'UBC--RNR2', 'RAN--RNR2', 'GOLGA3--ENSG00000198888', 'GAPDH--ENSG00000235587', 'ENSG00000232380--ZDHHC20', 'KATNAL1--PRDX2', 'SUCLA2--EFR3B', 'ENSG00000230584--CCT5', 'TPT1--ENSG00000214460', 'PABPC1--PABPC3', 'PABPC3--PABPC1', 'SAP18--ENSG00000228253', 'SAP18--RNR2', 'CUL4A--RNR2', 'KHNYN--NYNRIN', 'ZFYVE26--RAD51B', 'HSP90AA1--SRRM2', 'HSP90AA1--ENSG00000125691', 'RPS19--SNX6', 'ENSG00000232573--RPL3', 'ENSG00000243974--VTI1B', 'ENSG00000249004--PRMT5', 'TTC7B--RPS18', 'ENSG00000257976--GPAT4', 'ENSG00000258758--ZCCHC7', 'APEX1--RNR2', 'APEX1--ENSG00000228253', 'HNRNPC--RNR2', 'HNRNPC--ENSG00000228253', 'SUPT16H--ENSG00000198763', 'SUPT16H--ENSG00000228253', 'PSMB5--RNR2', 'PSMB5--ENSG00000198712', 'PSMB5--ENSG00000198888', 'BCL2L2-PABPN1--RNR2', 'DHRS2--RNR2', 'CHMP4A--ENSG00000198804', 'NEDD8-MDP1--ENSG00000228253', 'CIDEB--RNR2', 'BAZ1A--RNR2', 'FOXA1--RNR2', 'FOXA1--ENSG00000198763', 'PNN--ENSG00000198804', 'PNN--ENSG00000198763', 'ARF6--RNR2', 'ZFP36L1--ENSG00000198712', 'ZFP36L1--RNR2', 'SRSF5--ENSG00000198712', 'NPC2--RNR2', 'AHSA1--ENSG00000198804', 'CALM1--RNR2', 'CALM1--ENSG00000228253', 'CALM1--ENSG00000198763', 'CALM1--ENSG00000198888', 'CCDC88C--RNR2', 'CPSF2--ENSG00000198763', 'CCNK--ENSG00000198763', 'HSP90AA1--ENSG00000198804', 'HSP90AA1--ENSG00000198763', 'HSP90AA1--ENSG00000198886', 'HSP90AA1--ENSG00000198727', 'INF2--ENSG00000198888', 'AKT1--ENSG00000198804', 'AKT1--RNR2', 'AKT1--ENSG00000198712', 'GABRB3--RYR3', 'TJP1--ENSG00000229389', 'OTUD7A--LOC100288637', 'INO80--NUSAP1', 'HNRNPL--ENSG00000259917', 'LOC440311--NOP53', 'RPLP1--ENSG00000218175', 'ANP32A--MARCHF1', 'MDN1--GABRB3', 'NGRN--PERP', 'CCDC32--CBX3', 'CCNB2--ENSG00000214998', 'CNGB3--UBE2Q2', 'ENSG00000226098--SEC11A', 'ENSG00000259696--ADAMTS13', 'ENSG00000259790--ANP32B', 'RHOV--RNR2', 'SERF2-C15ORF63--RNR2', 'HYPK--ENSG00000198763', 'HYPK--ENSG00000198888', 'HYPK--RNR2', 'SLTM--ENSG00000198804', 'CA12--ENSG00000198763', 'HACD3--ENSG00000198804', 'PKM--RNR2', 'PKM--ENSG00000228253', 'PKM--ENSG00000198888', 'PKM--ENSG00000198727', 'PKM--ENSG00000198712', 'PKM--ENSG00000198786', 'PKM--ENSG00000198804', 'PKM--ENSG00000198899', 'PKM--ENSG00000198763', 'PKM--ENSG00000198886', 'ENSG00000198695--PKM', 'ETFA--RNR2', 'ETFA--ENSG00000198938', 'SEC11A--ENSG00000198888', 'SEC11A--ENSG00000198763', 'IDH2--RNR2', 'IDH2--ENSG00000198804', 'BLOC1S6--ENSG00000196564', 'ENSG00000198211--MC1R', 'GALNS--MLLT6', 'ABCA3--RPS16', 'SRRM2--CALR', 'IST1--ENSG00000267422', 'SRRM2--IGFBP5', 'SRRM2--NCL', 'PSME3IP1--ENSG00000231841', 'SNRNP25--ENSG00000198763', 'NME4--RNR2', 'NME4--ENSG00000198899', 'NME4--ENSG00000198804', 'ATP6V0C--ENSG00000198712', 'ATP6V0C--ENSG00000198763', 'ATP6V0C--ENSG00000198804', 'TRAP1--ENSG00000198763', 'ARL6IP1--ENSG00000228253', 'ARL6IP1--ENSG00000198899', 'ARL6IP1--ENSG00000198804', 'ARL6IP1--RNR2', 'ARL6IP1--ENSG00000198886', 'ENSG00000198695--ARL6IP1', 'FUS--RNR2', 'FUS--ENSG00000198763', 'CDH1--RNR2', 'NQO1--ENSG00000198804', 'AARS1--ENSG00000198712', 'AARS1--ENSG00000198888', 'AARS1--ENSG00000198763', 'AARS1--ENSG00000198804', 'AP1G1--RNR2', 'PSMD7--ENSG00000198804', 'COX4I1--ENSG00000198888', 'ENSG00000260290--NONO', 'ENSG00000108515--PFN1', 'UBB--LASP1', 'TRIM37--MYO19', 'SYNRG--TOB1-AS1', 'PCGF2--CISD3', 'LASP1--RPL19', 'TEX14--HEATR6', 'PTRH2--BCAS3', 'LOC105371849--HEATR6', 'BCAS3--TANC2', 'GCGR--SECTM1', 'HNRNPUL1--POLR2A', 'LRP1B--COPRS', 'ENSG00000233459--ZNF207', 'PSMB3--ENSG00000225794', 'LASP1--IGFBP5', 'LASP1--BCAS1', 'IKZF3--CBFA2T2', 'ANKFY1--RYK', 'LASP1--RAB7A', 'RPL19--IL17RD', 'RPL19--FAM153CP', 'ERBB2--FAM153CP', 'KRT19--ENSG00000218014', 'RPL23--RPL23P8', 'RPL19--NAPEPLD', 'FBXL20--GALNT17', 'ENSG00000236496--GPS2', 'YWHAE--RNR2', 'CRK--ENSG00000198804', 'CLUH--ENSG00000198888', 'PELP1--ENSG00000198763', 'PELP1--ENSG00000198888', 'PELP1--ENSG00000198804', 'PFN1--ENSG00000198712', 'PFN1--RNR2', 'PFN1--ENSG00000209082', 'ACADVL--ENSG00000198804', 'EIF5A--ENSG00000198712', 'TP53--RNR2', 'CHD3--ENSG00000198804', 'UBB--ENSG00000228253', 'UBB--ENSG00000198886', 'UBB--ENSG00000198727', 'UBB--RNR2', 'UBB--ENSG00000198804', 'UBB--ENSG00000198888', 'UBB--ENSG00000198899', 'UBB--ENSG00000198938', 'ENSG00000198695--UBB', 'FLII--ENSG00000198763', 'FLII--ENSG00000198712', 'POLDIP2--ENSG00000228253', 'KIAA0100--RNR2', 'ZNF207--ENSG00000198712', 'ZNF207--ENSG00000198804', 'ZNF207--ENSG00000198888', 'ZNF207--RNR2', 'TAF15--ENSG00000198763', 'TAF15--ENSG00000228253', 'TAF15--ENSG00000198888', 'AATF--RNR2', 'AATF--ENSG00000198712', 'AATF--ENSG00000198899', 'MRPL45--ENSG00000198763', 'MRPL45--ENSG00000198888', 'MLLT6--ENSG00000198888', 'MLLT6--RNR2', 'PCGF2--ENSG00000198763', 'PCGF2--ENSG00000228253', 'PCGF2--ENSG00000198712', 'PCGF2--RNR2', 'PSMB3--ENSG00000198886', 'PSMB3--RNR2', 'PSMB3--ENSG00000198786', 'PSMB3--ENSG00000198888', 'PSMB3--ENSG00000198804', 'PSMB3--ENSG00000198712', 'MLLT6--ENSG00000198804', 'CISD3--RNR2', 'PCGF2--ENSG00000198804', 'PSMB3--ENSG00000198763', 'PIP4K2B--RNR2', 'PIP4K2B--ENSG00000198712', 'PIP4K2B--ENSG00000198763', 'CWC25--ENSG00000198763', 'RPL23--RNR2', 'RPL23--ENSG00000198763', 'LASP1--ENSG00000198888', 'LASP1--ENSG00000198763', 'LASP1--RNR2', 'LASP1--ENSG00000198712', 'RPL19--RNR2', 'RPL19--ENSG00000228253', 'LASP1--ENSG00000198938', 'LASP1--ENSG00000209082', 'LASP1--ENSG00000198886', 'LASP1--ENSG00000198727', 'LASP1--ENSG00000198804', 'LASP1--ENSG00000198899', 'LASP1--ENSG00000228253', 'LASP1--ENSG00000212907', 'LASP1--RNR1', 'LASP1--ENSG00000198786', 'LASP1--ENSG00000198840', 'RPL19--ENSG00000198888', 'RPL19--ENSG00000198804', 'RPL19--ENSG00000198712', 'RPL19--ENSG00000198763', 'RPL19--ENSG00000198899', 'ENSG00000198695--LASP1', 'MED1--RNR2', 'MED1--ENSG00000198888', 'MED1--ENSG00000198804', 'MED1--ENSG00000198712', 'MED1--ENSG00000198763', 'CDK12--RNR2', 'PGAP3--ENSG00000198712', 'PGAP3--RNR2', 'ERBB2--RNR1', 'ERBB2--ENSG00000198888', 'ERBB2--ENSG00000198804', 'ERBB2--RNR2', 'ERBB2--ENSG00000198899', 'MIEN1--ENSG00000198712', 'MIEN1--ENSG00000198888', 'CDK12--ENSG00000198804', 'CDK12--ENSG00000228253', 'CDK12--ENSG00000198763', 'CDK12--ENSG00000198712', 'STARD3--ENSG00000198804', 'ERBB2--ENSG00000198727', 'ERBB2--ENSG00000198763', 'ERBB2--ENSG00000228253', 'ERBB2--ENSG00000198786', 'GRB7--RNR2', 'ORMDL3--ENSG00000228253', 'ORMDL3--RNR2', 'ORMDL3--ENSG00000198888', 'ORMDL3--ENSG00000198712', 'ORMDL3--ENSG00000198899', 'ORMDL3--ENSG00000198804', 'PSMD3--RNR2', 'PSMD3--ENSG00000198804', 'MED24--RNR2', 'PSMD3--ENSG00000198938', 'PSMD3--ENSG00000198712', 'MED24--ENSG00000198763', 'CASC3--ENSG00000198763', 'IGFBP4--ENSG00000228253', 'KRT19--ENSG00000198804', 'KRT19--RNR2', 'KRT19--ENSG00000198938', 'KRT19--ENSG00000198712', 'EIF1--ENSG00000198804', 'JUP--ENSG00000198712', 'JUP--ENSG00000228253', 'KLHL11--ENSG00000198763', 'ACLY--RNR2', 'ACLY--ENSG00000228253', 'ACLY--ENSG00000198763', 'KRT19--ENSG00000198899', 'JUP--RNR2', 'ATP6V0A1--RNR2', 'ENSG00000267185--RNR2', 'SLC25A39--ENSG00000198712', 'HEXIM1--ENSG00000198763', 'NFE2L1--ENSG00000198763', 'CALCOCO2--ENSG00000198712', 'UBE2Z--RNR2', 'UBE2Z--ENSG00000198888', 'UBE2Z--ENSG00000198804', 'UBE2Z--ENSG00000228253', 'SNF8--RNR2', 'ZNF652--ENSG00000198888', 'PHB--ENSG00000198763', 'PHB--RNR2', 'PHB--ENSG00000198888', 'PHB--ENSG00000228253', 'SPOP--ENSG00000228253', 'PPP1R9B--ENSG00000198712', 'PPP1R9B--ENSG00000228253', 'PPP1R9B--ENSG00000198888', 'PPP1R9B--ENSG00000198763', 'LRRC59--ENSG00000198888', 'LRRC59--ENSG00000198727', 'LRRC59--ENSG00000198712', 'LRRC59--RNR2', 'LRRC59--ENSG00000198804', 'TOB1--RNR2', 'LUC7L3--ENSG00000198804', 'LUC7L3--ENSG00000228253', 'LUC7L3--ENSG00000198712', 'NME1-NME2--RNR2', 'TOM1L1--RNR2', 'COX11--RNR2', 'COX11--ENSG00000198712', 'SRSF1--RNR2', 'MTMR4--RNR2', 'DYNLL2--ENSG00000198763', 'DYNLL2--ENSG00000198888', 'DYNLL2--ENSG00000198938', 'DYNLL2--RNR2', 'DYNLL2--ENSG00000198804', 'SKA2--ENSG00000198712', 'SKA2--ENSG00000228253', 'SKA2--ENSG00000198804', 'SKA2--ENSG00000198886', 'CLTC--RNR2', 'CLTC--ENSG00000198886', 'CLTC--ENSG00000198899', 'CLTC--ENSG00000198712', 'CLTC--ENSG00000198763', 'DDX5--ENSG00000198804', 'DDX5--ENSG00000198712', 'DDX5--ENSG00000198888', 'DDX5--ENSG00000228253', 'SLC9A3R1--ENSG00000198804', 'SLC9A3R1--RNR2', 'SLC9A3R1--ENSG00000198763', 'H3-3B--RNR2', 'H3-3B--ENSG00000198888', 'CANT1--ENSG00000198888', 'CANT1--RNR2', 'ACTG1--ENSG00000198804', 'P4HB--ENSG00000198763', 'P4HB--ENSG00000198712', 'ARHGDIA--RNR2', 'ACTG1--ENSG00000228253', 'ACTG1--ENSG00000198888', 'ACTG1--ENSG00000198712', 'ACTG1--RNR2', 'ACTG1--ENSG00000198763', 'P4HB--RNR2', 'CENPX--ENSG00000198712', 'CENPX--ENSG00000198763', 'FASN--ENSG00000198712', 'FASN--ENSG00000198888', 'CSNK1D--RNR2', 'FASN--RNR2', 'WDR45B--ENSG00000198763', 'PHB--IL1RAPL2', 'NOL11--ENSG00000183171', 'ENSG00000266479--HSPA9', 'AFG3L2--ENSG00000253606', 'MYL12A--ENSG00000228253', 'MYL12A--ENSG00000198888', 'MYL12A--ENSG00000198804', 'GNAL--ENSG00000198888', 'SLC39A6--RNR2', 'ATP5F1A--RNR2', 'ATP5F1A--ENSG00000198804', 'ATP5F1A--ENSG00000228253', 'PPAN-P2RY11--EIF3G', 'TPM4--SYCE2', 'LSM14A--LILRB3', 'NUP62--ATF5', 'ENSG00000233762--RPS15', 'RPS19--ENSG00000214612', 'ENSG00000213846--TPM4', 'ZSCAN1--LETM1', 'PRMT1--NSD1', 'MAP2K2--LOC407835', 'ENSG00000228887--EEF1D', 'KHSRP--ENSG00000229835', 'TIMM13--ENSG00000198763', 'EEF2--ENSG00000198804', 'EEF2--ENSG00000198899', 'EEF2--RNR2', 'EEF2--ENSG00000198763', 'EEF2--ENSG00000198712', 'KHSRP--ENSG00000198888', 'KHSRP--RNR2', 'HNRNPM--RNR2', 'HNRNPM--ENSG00000198712', 'HNRNPM--ENSG00000198899', 'HNRNPM--ENSG00000198804', 'EIF3G--ENSG00000198712', 'SMARCA4--ENSG00000198888', 'PRKCSH--ENSG00000198727', 'RAB3D--ENSG00000198888', 'CALR--RNR2', 'CALR--ENSG00000198763', 'CALR--ENSG00000198786', 'CALR--ENSG00000198727', 'NACC1--RNR2', 'CALR--ENSG00000198712', 'GPI--RNR2', 'GPI--ENSG00000198763', 'LSR--RNR2', 'SPINT2--ENSG00000198886', 'SPINT2--ENSG00000198712', 'SPINT2--RNR2', 'SPINT2--ENSG00000198763', 'PAF1--ENSG00000198804', 'HNRNPUL1--ENSG00000198712', 'HNRNPUL1--RNR2', 'HNRNPUL1--ENSG00000198888', 'HNRNPUL1--ENSG00000198763', 'BCAM--ENSG00000198888', 'BCAM--ENSG00000228253', 'CALM3--RNR2', 'CALM3--ENSG00000198763', 'CALM3--ENSG00000198804', 'CALM3--ENSG00000198888', 'SAE1--ENSG00000198899', 'KDELR1--ENSG00000198763', 'RPL18--ENSG00000198712', 'SNRNP70--ENSG00000198888', 'PIH1D1--ENSG00000198888', 'ENSG00000243829--RNR2', 'NR1H2--ENSG00000198888', 'RPS9--RNR2', 'TRMT1--ENSG00000231093', 'ZNF417--CCNB3', 'LIMS1--LIMS4', 'ACSL3--SGPP2', 'KIF1A--SNED1', 'ATP1B3--ENSG00000271707', 'IGFBP5--RAB7A', 'HADHA--CPE']"
gcsi_lenient,MCF7,0.0,0.0,0,15,25,[],"['ENSG00000213225--NOC2L', 'DPYD--SEC63', 'ENSG00000234741--MDN1', 'BCAS2--ENSG00000198804', 'CSDE1--RNR1', 'CSDE1--RNR2', 'CSDE1--ENSG00000228253', 'FDPS--ENSG00000215035', 'PSMC3--SAXO1', 'STIP1--ENSG00000225536', 'ENSG00000008394--SUPT16H', 'ENSG00000123009--NME1-NME2', 'IRAK3--RBMS1', 'RAN--ENSG00000236603', 'ENSG00000254349--PCBP2', 'ITFG2-AS1--ENSG00000198804', 'TUBA1B--RNR2', 'ENSG00000232380--ZDHHC20', 'HSP90AA1--ENSG00000198786', 'HNRNPL--ENSG00000259917', 'RPLP1--ENSG00000218175', 'PKM--ENSG00000198804', 'ARL6IP1--ENSG00000198899', 'DDX5--ENSG00000198763', 'MAP2K2--LOC407835']"
gcsi_lenient,SKBR3,0.0,0.0,0,12,4,[],"['HNRNPCL1--HNRNPC', 'ENSG00000244192--RPL11', 'HMGN3--ENSG00000227415', 'STIP1--ENSG00000225536']"
gcsi_lenient,KPL4,0.0,0.0,0,3,12,[],"['CEP57--LOC100506023', 'ENSG00000213225--NOC2L', 'DPYD--SEC63', 'ENSG00000234741--MDN1', 'STIP1--ENSG00000225536', 'HSP90B1--LRRC28', 'LRRC28--HSP90B1', 'IRAK3--RBMS1', 'ENSG00000243974--VTI1B', 'NGRN--PERP', 'ENSG00000236496--GPS2', 'LIMS1--LIMS4']"
gray,BT474,0.391304347826087,0.10714285714285714,9,23,75,"['AHCTF1--NAAA', 'ACACA--STAC2', 'MED1--ACSF2', 'MED1--STXBP4', 'RPS6KB1--SNF8', 'TRPC4AP--MRPL45', 'VAPB--IKZF3', 'RAB22A--MYO9B', 'ZMYND8--CEP250']","['ENSG00000225972--MALAT1', 'ENSG00000225630--MALAT1', 'ENSG00000248527--MALAT1', 'ENSG00000198744--PDE3A', 'ENSG00000248527--LASP1', 'ENSG00000248527--UBB', 'PCBD2--HFM1', 'HFM1--RNR2', 'HFM1--ENSG00000198804', 'HFM1--RNR1', 'HFM1--ENSG00000198886', 'EEF1AKNMT--RNR1', 'SGPL1--RNR2', 'YWHAB--TSG101', 'TCN1--ENSG00000198888', 'MALAT1--RNR2', 'MALAT1--ENSG00000198712', 'MALAT1--ENSG00000228253', 'MALAT1--ENSG00000212907', 'MALAT1--ENSG00000198763', 'MALAT1--ENSG00000198888', 'MALAT1--ENSG00000198886', 'MALAT1--ENSG00000198786', 'MALAT1--ENSG00000198938', 'MALAT1--ENSG00000198899', 'DLG2--ENSG00000198899', 'DLG2--RNR2', 'PPP1R12A--MGAT4C', 'PDE3A--ENSG00000198763', 'PDE3A--RNR2', 'PDE3A--ENSG00000198938', 'KRT7--RNR2', 'CD63--RNR2', 'LAMP1--RNR2', 'HSP90AA1--ENSG00000198763', 'TRIM37--MYO19', 'RPL19--CATIP-AS2', 'RPL19--NAPEPLD', 'UBB--ENSG00000198804', 'UBB--ENSG00000228253', 'RPL23--ENSG00000198888', 'RPL23--RNR2', 'LASP1--ENSG00000198899', 'LASP1--RNR2', 'RPL19--RNR2', 'ERBB2--ENSG00000198763', 'PHB--ENSG00000198886', 'FLNB--COL5A2', 'GNAQ--ENSG00000214077', 'ANKRD30BL--ENSG00000198899', 'ANKRD30BL--RNR2', 'NCL--ENSG00000198712', 'STX16-NPEPL1--RAE1', 'GNAS--ENSG00000198888', 'GNAS--RNR2', 'DTWD2--ENSG00000198763', 'HSP90AB1--ENSG00000198763', 'HNRNPA2B1--RNR2', 'HNRNPA2B1--ENSG00000198763', 'SLCO5A1--RNR2', 'VPS13B--ENSG00000198727', 'STAU2-AS1--ENSG00000227581', 'VCP--ENSG00000228253', 'SET--ENSG00000198899', 'RNR1--ENSG00000198804', 'RNR1--ENSG00000198938', 'RNR1--ENSG00000198727', 'RNR1--RNR2', 'RNR2--ENSG00000198763', 'RNR2--ENSG00000198804', 'RNR2--ENSG00000228253', 'RNR2--ENSG00000198938', 'RNR2--ENSG00000198712', 'RNR2--ENSG00000198727', 'ENSG00000198695--RNR1']"
gray,MCF7,0.4666666666666667,0.10294117647058823,7,15,61,"['AHCYL1--RAD51C', 'RPS6KB1--VMP1', 'BCAS4--BCAS3', 'SMARCA4--CARM1', 'ARFGEF2--SULF2', 'MYH9--EIF3D', 'ADAMTS19--SLC27A6']","['HFM1--RNR2', 'MALAT1--ENSG00000198763', 'MALAT1--RNR2', 'MALAT1--ENSG00000198804', 'MALAT1--ENSG00000198727', 'PDE3A--RNR2', 'CD63--ENSG00000198763', 'HSP90AA1--ENSG00000198886', 'GNAQ--ENSG00000214077', 'ANKRD30BL--ENSG00000198804', 'ANKRD30BL--ENSG00000198712', 'ANKRD30BL--ENSG00000228253', 'GNAS--ENSG00000198888', 'HNRNPA2B1--RNR2', 'HNRNPA2B1--ENSG00000198712', 'RNR2--ENSG00000198727', 'VAV3--RSBN1', 'RSBN1--AP4B1-AS1', 'GATAD2B--NUP210L', 'ENSG00000259349--PLPPR5', 'ATP1A1-AS1--ENSG00000020256', 'CSDE1--ZNF354C', 'DDOST--RNR2', 'CSDE1--RNR2', 'CSDE1--ENSG00000198712', 'CSDE1--ENSG00000198888', 'DSCAML1--TRAPPC4', 'TSG101--YWHAB', 'GCN1--MSI1', 'GAPDH--ADRA1B', 'PABPC1--ENSG00000255642', 'KRT8--RNR2', 'EIF4B--ENSG00000198804', 'FOXA1--TTC6', 'SNX6--RPS19', 'NRL--RNR2', 'ALDOA--ENSG00000198804', 'TANC2--CA4', 'USP32--PPM1D', 'EIF1--ASAP2', 'ABCA5--PPP4R1L', 'BCAS3--ATXN7', 'DDX5--ENSG00000198899', 'SLC39A6--RNR2', 'TOP1--LOC100128988', 'EEF1A2--ENSG00000198763', 'HACD2--MYLK', 'TBL1XR1--RGS17', 'ENSG00000244342--ASPH', 'MRFAP1--RNR2', 'DEPDC1B--ELOVL7', 'RACK1--FER', 'SLC27A6--ADAMTS19-AS1', 'CANX--RNR2', 'RACK1--RNR2', 'MYO6--SENP6', 'COX6C--ENSG00000198763', 'COX6C--RNR2', 'COX6C--ENSG00000198804', 'RPL8--RNR2', 'ENSG00000198763--RPL36A-HNRNPH2']"
gray,SKBR3,0.25,0.3333333333333333,3,12,6,"['TATDN1--GSDMB', 'CYTH1--EIF3H', 'ANKHD1--PCDH1']","['PDE3A--ENSG00000198899', 'RPL19--ENSG00000198899', 'CANX--ENSG00000198886', 'IRAK3--RBMS1', 'CYTH1--ENSG00000147677', 'MARCHF6--ENSG00000228253']"
gray_lenient,BT474,0.391304347826087,0.014150943396226415,9,23,627,"['AHCTF1--NAAA', 'ACACA--STAC2', 'MED1--ACSF2', 'MED1--STXBP4', 'RPS6KB1--SNF8', 'TRPC4AP--MRPL45', 'VAPB--IKZF3', 'RAB22A--MYO9B', 'ZMYND8--CEP250']","['ENSG00000225630--S100A14', 'ENO1--EDARADD', 'ENSG00000225972--MALAT1', 'ENSG00000225630--MALAT1', 'ENSG00000237973--MALAT1', 'ENSG00000229344--MALAT1', 'ENSG00000240409--MALAT1', 'ENSG00000248527--MALAT1', 'ENSG00000198744--MALAT1', 'ENSG00000225972--PDE3A', 'ENSG00000248527--PDE3A', 'ENSG00000198744--PDE3A', 'ENSG00000227105--PARP1', 'ACADM--DLST', 'ENSG00000248527--ARL6IP1', 'ENSG00000248527--LASP1', 'ENSG00000248527--UBB', 'ENSG00000244192--RPL11', 'PCBD2--HFM1', 'ENSG00000225972--HNRNPA2B1', 'ENSG00000198744--HNRNPA2B1', 'SLCO5A1--HFM1', 'TARDBP--RNR2', 'DDOST--ENSG00000198888', 'ENSG00000210151--DDOST', 'RPL11--RNR2', 'SFPQ--RNR2', 'SFPQ--ENSG00000198763', 'PRDX1--ENSG00000198888', 'CMPK1--ENSG00000198763', 'DHCR24--RNR2', 'DHCR24--ENSG00000198763', 'DHCR24--RNR1', 'DHCR24--ENSG00000198712', 'HFM1--ENSG00000198804', 'HFM1--RNR1', 'HFM1--RNR2', 'HFM1--ENSG00000198899', 'HFM1--ENSG00000198763', 'HFM1--ENSG00000198888', 'HFM1--ENSG00000198886', 'HFM1--ENSG00000198938', 'CHD1L--RNR2', 'S100A14--ENSG00000198763', 'S100A14--ENSG00000198888', 'S100A13--ENSG00000198763', 'ILF2--ENSG00000198804', 'C1orf43--RNR2', 'HDGF--ENSG00000198888', 'COPA--ENSG00000198763', 'COPA--RNR2', 'F11R--ENSG00000198712', 'F11R--ENSG00000198888', 'EEF1AKNMT--RNR1', 'DHX9--RNR2', 'NUCKS1--ENSG00000198804', 'CD46--RNR2', 'PARP1--ENSG00000198763', 'TOMM20--RNR2', 'IDI1--RNR2', 'HNRNPH3--ENSG00000228253', 'HNRNPH3--ENSG00000198763', 'HNRNPH3--ENSG00000198804', 'HNRNPH3--ENSG00000198899', 'HNRNPH3--RNR2', 'SGPL1--RNR2', 'PSAP--RNR2', 'PSAP--ENSG00000198763', 'ANXA7--ENSG00000198938', 'GHITM--RNR2', 'SCD--RNR2', 'SCD--ENSG00000198763', 'MALAT1--UCP2', 'UCP2--IGFBP5', 'YWHAB--TSG101', 'PCBD2--MALAT1', 'EIF4G2--RNR2', 'EIF4G2--ENSG00000198763', 'EIF4G2--ENSG00000198888', 'EIF4G2--ENSG00000198712', 'EIF4G2--ENSG00000228253', 'TCN1--ENSG00000198888', 'TMEM132A--ENSG00000198888', 'DDB1--RNR2', 'FADS2--RNR2', 'FADS2--ENSG00000198899', 'FADS2--RNR1', 'AHNAK--ENSG00000198888', 'AHNAK--RNR2', 'EEF1G--RNR2', 'HNRNPUL2--ENSG00000228253', 'NEAT1--RNR2', 'NEAT1--ENSG00000198888', 'MALAT1--ENSG00000198886', 'MALAT1--ENSG00000198763', 'MALAT1--ENSG00000228253', 'MALAT1--ENSG00000198727', 'MALAT1--RNR2', 'MALAT1--ENSG00000198888', 'MALAT1--ENSG00000198712', 'MALAT1--ENSG00000198786', 'MALAT1--ENSG00000198938', 'MALAT1--ENSG00000198840', 'MALAT1--ENSG00000198804', 'MALAT1--ENSG00000198899', 'MALAT1--ENSG00000212907', 'MALAT1--ENSG00000209082', 'MALAT1--RNR1', 'ENSG00000198695--MALAT1', 'MALAT1--ENSG00000210049', 'CFL1--RNR2', 'CFL1--ENSG00000198763', 'CFL1--ENSG00000198888', 'CCND1--ENSG00000198888', 'CCND1--RNR2', 'ANAPC15--ENSG00000198888', 'ANAPC15--RNR2', 'RPS3--RNR2', 'RPS3--RNR1', 'INTS4--ENSG00000198804', 'DLG2--RNR2', 'DLG2--ENSG00000198888', 'DLG2--ENSG00000198763', 'DLG2--ENSG00000198804', 'DLG2--ENSG00000198899', 'DLG2--ENSG00000198712', 'HSPA8--ENSG00000198763', 'STT3A-AS1--RNR2', 'APLP2--ENSG00000198804', 'APLP2--ENSG00000198888', 'APLP2--RNR2', 'APLP2--ENSG00000198763', 'PPP1R12A--MGAT4C', 'ANKRD30BL--PDE3A', 'ITFG2-AS1--RNR2', 'GAPDH--RNR2', 'GAPDH--ENSG00000198712', 'PDE3A--ENSG00000198712', 'PDE3A--RNR2', 'PDE3A--ENSG00000198888', 'PDE3A--ENSG00000198763', 'PDE3A--ENSG00000198804', 'PDE3A--ENSG00000198899', 'PDE3A--ENSG00000228253', 'PDE3A--ENSG00000198886', 'PDE3A--ENSG00000198938', 'PDE3A--ENSG00000198727', 'SLC38A1--RNR2', 'TUBA1B--ENSG00000198763', 'TUBA1B--ENSG00000198888', 'TUBA1B--ENSG00000228253', 'TMBIM6--RNR2', 'KRT7--ENSG00000198888', 'KRT7--RNR2', 'KRT7--ENSG00000198763', 'KRT7--ENSG00000198804', 'CD63--RNR2', 'CD63--ENSG00000198938', 'MYL6--ENSG00000198763', 'MYL6--ENSG00000198804', 'MYL6--ENSG00000198712', 'MYL6--ENSG00000198888', 'ATP5F1B--RNR2', 'ATP5F1B--ENSG00000198804', 'OS9--ENSG00000198763', 'ERP29--ENSG00000198899', 'RPL6--RNR2', 'DDX54--ENSG00000198888', 'TMED2--RNR2', 'UBC--RNR2', 'RAN--RNR1', 'RAN--RNR2', 'RAN--ENSG00000198712', 'PABPC3--RNR2', 'HMGB1--ENSG00000198712', 'TPT1--ENSG00000198938', 'LAMP1--RNR2', 'LAMP1--ENSG00000198763', 'DNAH1--PPP2R5C', 'NEDD8-MDP1--ENSG00000198888', 'CIDEB--ENSG00000228253', 'PSMA6--RNR2', 'PSMA6--ENSG00000198888', 'FOXA1--RNR2', 'FOXA1--ENSG00000198899', 'FOXA1--ENSG00000198763', 'FOXA1--ENSG00000198888', 'PNN--ENSG00000198888', 'PNN--ENSG00000198763', 'PNN--RNR2', 'CALM1--RNR2', 'CALM1--ENSG00000198804', 'CALM1--ENSG00000198763', 'CALM1--ENSG00000198712', 'HSP90AA1--ENSG00000198763', 'SRP14--RNR2', 'PDIA3--RNR2', 'RAB11A--ENSG00000198888', 'PKM--ENSG00000198763', 'PKM--ENSG00000198888', 'PKM--ENSG00000228253', 'PKM--RNR2', 'PKM--RNR1', 'PKM--ENSG00000209082', 'PKM--ENSG00000198712', 'ETFA--ENSG00000198763', 'SEC11A--RNR2', 'EMP2--RNR2', 'ARL6IP1--RNR2', 'ARL6IP1--ENSG00000228253', 'ARL6IP1--ENSG00000198899', 'MAZ--ENSG00000228253', 'MAZ--ENSG00000198888', 'MAZ--ENSG00000198712', 'FUS--ENSG00000198763', 'FUS--ENSG00000198712', 'FUS--RNR2', 'FUS--ENSG00000198899', 'AARS1--ENSG00000198763', 'TRIM37--MYO19', 'RPL19--CATIP-AS2', 'LASP1--RAB7A', 'KRT19--ENSG00000218014', 'RPL19--NAPEPLD', 'YWHAE--RNR2', 'YWHAE--ENSG00000198888', 'PFN1--ENSG00000198712', 'PFN1--ENSG00000198888', 'UBB--RNR2', 'UBB--ENSG00000198804', 'UBB--ENSG00000228253', 'UBB--ENSG00000198888', 'SPAG5-AS1--RNR2', 'FLOT2--RNR2', 'TAF15--ENSG00000198763', 'TAF15--RNR2', 'TAF15--ENSG00000198899', 'TAF15--ENSG00000198712', 'TAF15--ENSG00000228253', 'AATF--ENSG00000198888', 'MRPL45--RNR2', 'MLLT6--RNR2', 'MLLT6--ENSG00000198888', 'MLLT6--RNR1', 'MLLT6--ENSG00000198763', 'CISD3--ENSG00000198763', 'PCGF2--RNR2', 'PCGF2--ENSG00000198712', 'PIP4K2B--RNR2', 'RPL23--ENSG00000198888', 'RPL23--RNR2', 'RPL23--ENSG00000198886', 'RPL23--ENSG00000198804', 'RPL23--ENSG00000198712', 'RPL23--ENSG00000198763', 'LASP1--ENSG00000198763', 'LASP1--RNR2', 'LASP1--ENSG00000198804', 'RPL19--RNR2', 'LASP1--ENSG00000198888', 'LASP1--ENSG00000198899', 'LASP1--ENSG00000198727', 'LASP1--ENSG00000228253', 'LASP1--ENSG00000198886', 'LASP1--ENSG00000198712', 'LASP1--ENSG00000198938', 'RPL19--ENSG00000198712', 'RPL19--ENSG00000198888', 'MED1--RNR2', 'MED1--ENSG00000198888', 'MED1--ENSG00000198763', 'PGAP3--ENSG00000198763', 'PGAP3--RNR2', 'PGAP3--ENSG00000198804', 'PGAP3--ENSG00000198886', 'PNMT--ENSG00000198763', 'ERBB2--RNR2', 'ERBB2--ENSG00000198888', 'ERBB2--RNR1', 'ERBB2--ENSG00000198763', 'ERBB2--ENSG00000198899', 'ERBB2--ENSG00000198804', 'PSMD3--ENSG00000198888', 'PSMD3--RNR2', 'ORMDL3--ENSG00000198763', 'ORMDL3--ENSG00000198804', 'ORMDL3--ENSG00000198888', 'ORMDL3--RNR2', 'ORMDL3--ENSG00000198899', 'ORMDL3--ENSG00000212907', 'CDC6--RNR2', 'KRT19--RNR2', 'KRT19--ENSG00000198888', 'KRT19--ENSG00000198763', 'EIF1--RNR2', 'KPNB1--RNR2', 'NFE2L1--ENSG00000198763', 'CALCOCO2--RNR2', 'PHB--ENSG00000198886', 'KAT7--RNR2', 'PPP1R9B--ENSG00000198888', 'PPP1R9B--RNR2', 'LRRC59--RNR2', 'LRRC59--ENSG00000198763', 'LRRC59--ENSG00000198888', 'LUC7L3--ENSG00000198888', 'LUC7L3--RNR2', 'NME1-NME2--ENSG00000198888', 'NME1-NME2--RNR2', 'TOB1--ENSG00000228253', 'DYNLL2--ENSG00000198804', 'DYNLL2--ENSG00000198763', 'DYNLL2--ENSG00000198712', 'DYNLL2--ENSG00000198888', 'DYNLL2--RNR2', 'DYNLL2--RNR1', 'DYNLL2--ENSG00000228253', 'SKA2--RNR2', 'SKA2--ENSG00000198763', 'DHX40--RNR2', 'CLTC--RNR2', 'CLTC--ENSG00000198888', 'CLTC--ENSG00000198712', 'CLTC--ENSG00000198763', 'CLTC--ENSG00000198899', 'DDX5--RNR2', 'DDX5--ENSG00000198712', 'DDX5--ENSG00000198888', 'DDX5--ENSG00000198804', 'DDX5--ENSG00000198763', 'SEPTIN9--ENSG00000198763', 'ACTG1--RNR2', 'ACTG1--ENSG00000198888', 'ACTG1--ENSG00000198804', 'ACTG1--ENSG00000198712', 'P4HB--ENSG00000198763', 'P4HB--ENSG00000198888', 'FASN--RNR2', 'FASN--ENSG00000198763', 'CSNK1D--ENSG00000198888', 'CSNK1D--RNR1', 'CSNK1D--RNR2', 'ENSG00000251453--HAUS1', 'TYMS--RNR2', 'MYL12A--ENSG00000228253', 'MYL12A--ENSG00000198888', 'ATP5F1A--ENSG00000198888', 'ATP5F1A--RNR2', 'ATP5F1A--ENSG00000198763', 'ENSG00000268750--ZNF552', 'ENSG00000268379--PTCD3', 'MAP2K2--LOC407835', 'ENSG00000228887--EEF1D', 'CIRBP--ENSG00000198888', 'CIRBP--RNR2', 'CIRBP--ENSG00000198763', 'EEF2--ENSG00000198763', 'EEF2--ENSG00000198888', 'EEF2--ENSG00000198712', 'EEF2--ENSG00000228253', 'EEF2--ENSG00000198804', 'EEF2--ENSG00000210144', 'PRKCSH--ENSG00000198712', 'PRKCSH--ENSG00000198888', 'ENSG00000105576--RNR2', 'CALR--ENSG00000228253', 'CALR--ENSG00000198712', 'CALR--ENSG00000198899', 'CALR--RNR2', 'CALR--ENSG00000198763', 'SPINT2--ENSG00000198804', 'SPINT2--ENSG00000198712', 'SPINT2--RNR2', 'CALM3--RNR2', 'OLA1--NDUFA6-DT', 'FLNB--COL5A2', 'GNAQ--ENSG00000214077', 'YWHAQ--RNR2', 'LINC02613--ENSG00000198938', 'LINC02613--RNR2', 'ANKRD30BL--ENSG00000198899', 'ANKRD30BL--ENSG00000198763', 'ANKRD30BL--RNR2', 'HNRNPA3--ENSG00000198763', 'HNRNPA3--RNR2', 'HSPD1--RNR2', 'IGFBP5--RNR2', 'IGFBP5--ENSG00000228253', 'IGFBP5--ENSG00000198888', 'IGFBP5--ENSG00000198763', 'IGFBP5--ENSG00000198712', 'IGFBP5--ENSG00000198804', 'ARPC2--ENSG00000198763', 'NCL--ENSG00000228253', 'NCL--ENSG00000198763', 'NCL--ENSG00000198899', 'NCL--ENSG00000198712', 'NCL--RNR2', 'NCL--ENSG00000198888', 'PTMA--RNR2', 'MLPH--RNR2', 'MLPH--ENSG00000198888', 'MLPH--ENSG00000228253', 'KIF1A--RNR2', 'STX16-NPEPL1--RAE1', 'ITCH--ENSG00000198712', 'DYNLRB1--ENSG00000198712', 'DYNLRB1--RNR2', 'DYNLRB1--ENSG00000198763', 'DYNLRB1--ENSG00000198888', 'TP53INP2--ENSG00000228253', 'TP53INP2--ENSG00000198804', 'TP53INP2--RNR2', 'TP53INP2--ENSG00000198899', 'TP53INP2--ENSG00000198763', 'TP53INP2--ENSG00000198712', 'TRPC4AP--RNR2', 'RBM39--RNR2', 'SERINC3--ENSG00000228253', 'SERINC3--ENSG00000198888', 'SERINC3--RNR2', 'YWHAB--ENSG00000198712', 'YWHAB--ENSG00000198888', 'YWHAB--RNR2', 'PREX1--ENSG00000198763', 'RNF114--RNR2', 'BCAS1--ENSG00000198763', 'BCAS1--ENSG00000198804', 'BCAS1--ENSG00000198899', 'RTF2--ENSG00000198888', 'RAB22A--ENSG00000198763', 'RAB22A--RNR2', 'VAPB--ENSG00000198888', 'VAPB--RNR2', 'STX16-NPEPL1--RNR2', 'GNAS--ENSG00000198888', 'GNAS--RNR2', 'GNAS--ENSG00000198899', 'EEF1A2--RNR2', 'EEF1A2--ENSG00000198763', 'APP--ENSG00000198899', 'APP--ENSG00000198763', 'APP--ENSG00000198804', 'APP--ENSG00000198712', 'APP--RNR2', 'SUMO3--ENSG00000198899', 'EWSR1--ENSG00000198763', 'MYH9--ENSG00000198763', 'H1-0--RNR2', 'SNU13--ENSG00000198763', 'RHOA--ENSG00000198763', 'ENSG00000213300--RNR2', 'COPG1--ENSG00000198763', 'COPG1--RNR2', 'ENSG00000240489--RNR2', 'AP2M1--ENSG00000198888', 'PSMD2--ENSG00000198804', 'TRA2B--RNR2', 'TFRC--RNR2', 'MRFAP1--RNR2', 'MRFAP1--ENSG00000198763', 'G3BP2--ENSG00000198712', 'G3BP2--RNR2', 'CCNI--ENSG00000198763', 'CCNI--RNR2', 'CCNI--ENSG00000198712', 'CCNI--ENSG00000198888', 'CCNG2--ENSG00000198888', 'HNRNPDL--ENSG00000198888', 'HNRNPDL--ENSG00000198712', 'HNRNPDL--ENSG00000198899', 'HMGB2--ENSG00000198763', 'ENSG00000225356--RNR2', 'DDX3X--ENSG00000251577', 'ENSG00000248854--HNRNPH1', 'RACK1--FER', 'CTNNA1--ENSG00000249026', 'NDUFS6--ENSG00000198804', 'NDUFS6--ENSG00000198712', 'NDUFS6--ENSG00000198888', 'NDUFS6--ENSG00000198763', 'CCT5--ENSG00000198888', 'HMGCS1--RNR2', 'HMGCS1--ENSG00000198888', 'HMGCS1--ENSG00000198763', 'DTWD2--ENSG00000198804', 'DTWD2--ENSG00000198763', 'SLC12A2--ENSG00000198763', 'HINT1--RNR2', 'PCBD2--ENSG00000198712', 'PCBD2--RNR2', 'ZMAT2--ENSG00000198763', 'NDFIP1--ENSG00000198763', 'ERGIC1--ENSG00000198712', 'ERGIC1--ENSG00000198763', 'ERGIC1--RNR2', 'ERGIC1--ENSG00000198888', 'FAM153CP--ENSG00000198712', 'FAM153CP--ENSG00000198888', 'FAM153CP--RNR2', 'HNRNPH1--ENSG00000198899', 'HNRNPH1--ENSG00000210112', 'HNRNPH1--ENSG00000198763', 'HNRNPH1--ENSG00000228253', 'HNRNPH1--RNR2', 'CANX--ENSG00000198804', 'CANX--RNR2', 'CANX--ENSG00000198712', 'CANX--ENSG00000198763', 'DSP--RNR2', 'DSP--ENSG00000198763', 'DSP--ENSG00000198712', 'TUBB--ENSG00000198763', 'SLC39A7--RNR2', 'SRSF3--RNR2', 'ENSG00000180211--RNR2', 'HSP90AB1--ENSG00000198712', 'HSP90AB1--ENSG00000228253', 'HSP90AB1--ENSG00000198763', 'HSP90AB1--RNR2', 'HSP90AB1--ENSG00000198888', 'HSP90AB1--ENSG00000198804', 'CD164--ENSG00000198763', 'CD164--RNR2', 'CD164--ENSG00000198888', 'DSE--ENSG00000198888', 'EZR--RNR2', 'EZR--ENSG00000198763', 'ACTB--RNR2', 'ACTB--ENSG00000198888', 'ACTB--ENSG00000198763', 'ACTB--ENSG00000198804', 'TSPAN13--RNR2', 'RPL23P8--RNR2', 'RPL23P8--ENSG00000198888', 'HNRNPA2B1--RNR2', 'HNRNPA2B1--ENSG00000198888', 'HNRNPA2B1--ENSG00000228253', 'HNRNPA2B1--ENSG00000198763', 'HNRNPA2B1--ENSG00000198804', 'HNRNPA2B1--ENSG00000198899', 'HNRNPA2B1--ENSG00000198712', 'HNRNPA2B1--RNR1', 'HNRNPA2B1--ENSG00000198786', 'HNRNPA2B1--ENSG00000198727', 'HNRNPA2B1--ENSG00000210082', 'ENSG00000198695--HNRNPA2B1', 'SCRN1--ENSG00000198899', 'GGCT--ENSG00000198899', 'SEM1--ENSG00000198763', 'MCM7--RNR2', 'DLD--RNR2', 'CHCHD3--RNR2', 'CHCHD3--ENSG00000198712', 'CHCHD3--ENSG00000198763', 'DUSP4--ENSG00000228253', 'GSR--ENSG00000198888', 'GSR--RNR2', 'GSR--ENSG00000198712', 'SLCO5A1--ENSG00000198938', 'SLCO5A1--ENSG00000198712', 'SLCO5A1--ENSG00000198886', 'SLCO5A1--ENSG00000198786', 'SLCO5A1--ENSG00000198840', 'SLCO5A1--RNR2', 'SLCO5A1--ENSG00000198763', 'RPL30--ENSG00000198712', 'VPS13B--ENSG00000198727', 'COX6C--RNR2', 'PABPC1--RNR2', 'YWHAZ--RNR2', 'YWHAZ--ENSG00000198763', 'LY6E--RNR2', 'RPL8--RNR2', 'RPL8--ENSG00000198888', 'RPL8--ENSG00000198763', 'STAU2-AS1--ENSG00000227581', 'VCP--ENSG00000198804', 'VCP--RNR2', 'VCP--ENSG00000228253', 'VCP--ENSG00000198888', 'VCP--ENSG00000198763', 'VCP--RNR1', 'VCP--ENSG00000198712', 'ANP32B--ENSG00000228253', 'ANP32B--ENSG00000198763', 'ANP32B--ENSG00000198888', 'NIBAN2--ENSG00000198763', 'SET--ENSG00000198899', 'SET--RNR2', 'SLC9A7--CHMP5', 'RNR1--RNR2', 'RNR1--ENSG00000198804', 'RNR1--ENSG00000198786', 'RNR1--ENSG00000198886', 'RNR1--ENSG00000198938', 'RNR1--ENSG00000198727', 'RNR2--ENSG00000198763', 'RNR2--ENSG00000198727', 'RNR2--ENSG00000198804', 'RNR2--ENSG00000198712', 'RNR2--ENSG00000228253', 'RNR2--ENSG00000212907', 'RNR2--ENSG00000198786', 'RNR2--ENSG00000198938', 'RNR2--ENSG00000198886', 'RNR2--ENSG00000198888', 'ENSG00000198695--RNR1', 'ENSG00000198695--RNR2', 'RNR1--DDX3X', 'ENSG00000198888--DDX3X', 'ENSG00000228253--DDX3X', 'ENSG00000226958--RNR2', 'RNR2--GLUD2', 'RNR2--MAGED2', 'RNR2--RBBP7', 'RNR2--RBM3', 'ENSG00000198763--RBM3', 'ENSG00000198888--TMSB4X', 'ENSG00000198727--TMSB4X', 'RNR2--TTTY14', 'ENSG00000198888--TTTY14', 'ENSG00000198804--TTTY14', 'ENSG00000228253--TTTY14', 'ENSG00000198899--TTTY14', 'BEX3--BEX4', 'GABRA3--ZNF185']"
gray_lenient,MCF7,0.4666666666666667,0.024390243902439025,7,15,280,"['AHCYL1--RAD51C', 'RPS6KB1--VMP1', 'BCAS4--BCAS3', 'SMARCA4--CARM1', 'ARFGEF2--SULF2', 'MYH9--EIF3D', 'ADAMTS19--SLC27A6']","['ENSG00000225972--MALAT1', 'ENSG00000237973--MALAT1', 'ACADM--DLST', 'TARDBP--RNR2', 'DDOST--RNR2', 'HFM1--ENSG00000198763', 'HFM1--RNR2', 'HFM1--ENSG00000198804', 'CRABP2--ENSG00000198804', 'CRABP2--RNR2', 'CRABP2--ENSG00000228253', 'HNRNPH3--ENSG00000198763', 'HNRNPH3--RNR2', 'HNRNPH3--ENSG00000228253', 'PSAP--ENSG00000198804', 'GHITM--ENSG00000198763', 'SCD--RNR2', 'SCD--ENSG00000198804', 'SCD--ENSG00000198899', 'EEF1G--RNR2', 'EEF1G--ENSG00000198763', 'MALAT1--ENSG00000228253', 'MALAT1--ENSG00000198712', 'MALAT1--RNR2', 'MALAT1--ENSG00000198804', 'MALAT1--ENSG00000198727', 'MALAT1--ENSG00000198938', 'MALAT1--ENSG00000198888', 'MALAT1--ENSG00000198763', 'MALAT1--ENSG00000198899', 'MALAT1--ENSG00000198886', 'MALAT1--ENSG00000198786', 'MALAT1--ENSG00000212907', 'CFL1--ENSG00000198804', 'ENSG00000198695--MALAT1', 'RPS3--RNR2', 'RPS3--ENSG00000198888', 'DLG2--ENSG00000198899', 'DLG2--ENSG00000228253', 'DLG2--ENSG00000198804', 'DLG2--RNR2', 'HSPA8--RNR2', 'HSPA8--ENSG00000198888', 'GAPDH--ENSG00000198886', 'PDE3A--RNR2', 'PDE3A--ENSG00000198712', 'PDE3A--ENSG00000198763', 'PDE3A--ENSG00000198888', 'PDE3A--ENSG00000198804', 'PDE3A--ENSG00000198899', 'TUBA1B--RNR2', 'TUBA1C--ENSG00000198763', 'CD63--ENSG00000198763', 'MYL6--ENSG00000198763', 'ATP5F1B--ENSG00000198804', 'ATP5F1B--RNR2', 'OS9--ENSG00000198727', 'OS9--RNR2', 'TPT1--ENSG00000198712', 'NRL--RNR2', 'FOXA1--ENSG00000198899', 'FOXA1--RNR2', 'FOXA1--ENSG00000198712', 'HSP90AA1--ENSG00000198888', 'HSP90AA1--RNR2', 'HSP90AA1--ENSG00000198886', 'PKM--RNR2', 'PKM--ENSG00000198763', 'PKM--ENSG00000198899', 'PKM--ENSG00000198727', 'PKM--ENSG00000198804', 'MAZ--RNR2', 'MAZ--ENSG00000198763', 'ALDOA--ENSG00000198804', 'ALDOA--ENSG00000198888', 'ALDOA--ENSG00000198938', 'FUS--RNR2', 'FUS--ENSG00000198763', 'KRT13--ENSG00000218014', 'YWHAE--RNR2', 'PFN1--ENSG00000198763', 'UBB--RNR2', 'TAF15--RNR2', 'KRT19--ENSG00000198804', 'KRT19--ENSG00000198763', 'KRT19--ENSG00000198712', 'PPP1R9B--ENSG00000198712', 'DYNLL2--RNR2', 'DDX5--ENSG00000198899', 'DDX5--RNR2', 'SEC14L1--RNR2', 'ACTG1--ENSG00000198763', 'ACTG1--RNR2', 'FASN--RNR2', 'EEF2--RNR2', 'EEF2--ENSG00000198804', 'EEF2--ENSG00000198888', 'CALR--ENSG00000198899', 'CALR--ENSG00000198712', 'CALR--ENSG00000198804', 'CALR--ENSG00000198763', 'CALR--RNR2', 'SPINT2--RNR2', 'SPINT2--ENSG00000228253', 'GNAQ--ENSG00000214077', 'ANKRD30BL--ENSG00000228253', 'ANKRD30BL--ENSG00000198899', 'ANKRD30BL--RNR2', 'ANKRD30BL--ENSG00000198712', 'ANKRD30BL--ENSG00000198804', 'ANKRD30BL--ENSG00000198763', 'XRCC5--RNR2', 'XRCC5--ENSG00000198804', 'NCL--ENSG00000198888', 'NCL--RNR2', 'NCL--ENSG00000228253', 'NCL--ENSG00000198804', 'NCL--ENSG00000198712', 'NCL--ENSG00000198763', 'MLPH--ENSG00000198804', 'MLPH--RNR2', 'MLPH--ENSG00000198888', 'GNAS--ENSG00000198712', 'GNAS--ENSG00000198888', 'EEF1A2--ENSG00000228253', 'EEF1A2--ENSG00000198763', 'EEF1A2--RNR2', 'EEF1A2--ENSG00000198712', 'APP--ENSG00000198763', 'APP--ENSG00000228253', 'H1-0--RNR2', 'AP2M1--ENSG00000198899', 'MRFAP1--RNR2', 'ENSG00000225356--RNR2', 'RACK1--FER', 'DTWD2--ENSG00000198763', 'DTWD2--ENSG00000198804', 'ZMAT2--RNR2', 'HNRNPH1--RNR2', 'CANX--ENSG00000198763', 'CANX--RNR2', 'CANX--ENSG00000198804', 'IER3-AS1--ENSG00000198763', 'HSP90AB1--RNR2', 'HSP90AB1--ENSG00000198804', 'HSP90AB1--ENSG00000198886', 'HSP90AB1--ENSG00000198712', 'HSP90AB1--ENSG00000228253', 'ACTB--RNR2', 'ACTB--ENSG00000198763', 'ACTB--ENSG00000198888', 'HNRNPA2B1--RNR2', 'HNRNPA2B1--ENSG00000198804', 'HNRNPA2B1--ENSG00000228253', 'HNRNPA2B1--ENSG00000198888', 'HNRNPA2B1--ENSG00000198712', 'HNRNPA2B1--ENSG00000198763', 'HNRNPA2B1--ENSG00000198899', 'HNRNPA2B1--ENSG00000198886', 'SEM1--RNR2', 'CHCHD3--ENSG00000228253', 'CHCHD3--ENSG00000198763', 'CHCHD3--RNR2', 'SLCO5A1--ENSG00000198804', 'SLCO5A1--ENSG00000198763', 'SLCO5A1--RNR2', 'COX6C--RNR2', 'COX6C--ENSG00000198763', 'COX6C--ENSG00000228253', 'COX6C--ENSG00000198804', 'RPL8--RNR2', 'ANP32B--ENSG00000198712', 'ANP32B--ENSG00000228253', 'RNR1--ENSG00000198899', 'RNR1--RNR2', 'RNR2--ENSG00000198938', 'RNR2--ENSG00000198712', 'RNR2--ENSG00000198727', 'RNR2--ENSG00000198786', 'ENSG00000198695--RNR1', 'VAV3--RSBN1', 'RSBN1--AP4B1-AS1', 'GATAD2B--NUP210L', 'LOC647070--DHX9', 'PARP1--ENSG00000259093', 'HFM1--ALDOA', 'ENSG00000259349--PLPPR5', 'ENSG00000265273--PGD', 'NUDC--FMNL2', 'ATP1A1-AS1--ENSG00000020256', 'CSDE1--ZNF354C', 'ENO1--RNR2', 'ENO1--ENSG00000198763', 'CSDE1--ENSG00000198763', 'CSDE1--RNR2', 'CSDE1--ENSG00000198712', 'CSDE1--ENSG00000198888', 'CSDE1--ENSG00000198804', 'APH1A--ENSG00000228253', 'ENSA--RNR2', 'ENSA--ENSG00000198763', 'ENSA--ENSG00000198804', 'PSMD4--ENSG00000198712', 'S100A10--ENSG00000198763', 'SNRPE--RNR2', 'ENSG00000226937--RPS19', 'DSCAML1--TRAPPC4', 'MALAT1--KRT18', 'ENSG00000233725--DGKZ', 'ENSG00000214181--DDX6', 'DLG2--UNC45B', 'TSG101--YWHAB', 'PRDX5--RNR2', 'ENSG00000232951--IPO7', 'STIP1--ENSG00000225536', 'GCN1--MSI1', 'COX6A1--ENSG00000111775', 'GAPDH--ADRA1B', 'PCBP2--ENSG00000254349', 'PABPC1--ENSG00000255642', 'GAPDH--ENSG00000198763', 'ENSG00000198695--PDE3A', 'KRT8--RNR2', 'KRT8--ENSG00000198763', 'KRT8--ENSG00000198888', 'EIF4B--ENSG00000198804', 'SLC25A3--RNR2', 'STK24--ENSG00000230079', 'DHRS4L1--DHRS4L2', 'FOXA1--TTC6', 'SNX6--RPS19', 'ENSG00000100916--EWSR1', 'SRSF5--RNR2', 'RBM25--ENSG00000198763', 'HNRNPL--ENSG00000259917', 'PKM--ENSG00000215057', 'NGRN--PERP', 'TANC2--CA4', 'USP32--PPM1D', 'ENSG00000236319--PEPD', 'EIF1--ASAP2', 'ENSG00000224628--CDK5RAP3', 'ABCA5--PPP4R1L', 'BCAS3--ATXN7', 'H3-3B--RNR2', 'SLC39A6--ENSG00000228253', 'SLC39A6--ENSG00000198763', 'SLC39A6--RNR2', 'SLC39A6--ENSG00000198888', 'TECR--AFF1', 'SAE1--RNR2', 'RPL18--ENSG00000198804', 'RPL18--ENSG00000198763', 'TOP1--LOC100128988', 'ATP9A--ENSG00000234967', 'HACD2--MYLK', 'TBL1XR1--RGS17', 'ENSG00000244342--ASPH', 'PSMD6--ENSG00000198899', 'PSMD6--ENSG00000198763', 'PSMD6--RNR2', 'PSMD6--ENSG00000198712', 'LINC01378--NT5C3A', 'DEPDC1B--ELOVL7', 'SLC27A6--ADAMTS19-AS1', 'HNRNPAB--PHYKPL', 'DBN1--ENSG00000198763', 'RACK1--RNR2', 'IER3-AS1--IER3', 'MYO6--SENP6', 'HSPA1A--ENSG00000198888', 'CLDN4--RNR2', 'RNR2--ENSG00000230629', 'G6PD--ENSG00000198888', 'ENSG00000198888--RPL36A-HNRNPH2', 'ENSG00000198763--RPL36A-HNRNPH2', 'ENSG00000198763--PGK1', 'ENSG00000198763--FLNA', 'ENSG00000198712--HTATSF1', 'TXLNG--SYAP1']"
gray_lenient,SKBR3,0.3333333333333333,0.2857142857142857,4,12,10,"['TATDN1--GSDMB', 'CYTH1--EIF3H', 'SUMF1--LRRFIP2', 'ANKHD1--PCDH1']","['PDE3A--ENSG00000198899', 'RPL19--ENSG00000198899', 'MARCHF6--ENSG00000228253', 'CANX--ENSG00000198886', 'CELSR2--ZBTB5', 'IRAK3--RBMS1', 'MIF-AS1--KRT8', 'ELL3--MDFI', 'CYTH1--ENSG00000147677', 'MIF-AS1--ASPH']"
uhn,BT474,0.5652173913043478,0.52,13,23,12,"['SKA2--MYO19', 'ACACA--STAC2', 'TOB1--SYNRG', 'PIP4K2B--RAD51C', 'MED1--ACSF2', 'USP32--MED1', 'MED1--STXBP4', 'RPS6KB1--SNF8', 'TRPC4AP--MRPL45', 'VAPB--IKZF3', 'RAB22A--MYO9B', 'ZMYND8--CEP250', 'GLB1--CMTM7']","['ENSG00000237008--LAPTM4B', 'STIP1--ENSG00000225536', 'PPP1R12A--MGAT4C', 'TRIM37--MYO19', 'ENSG00000230448--COL12A1', 'GNAQ--ENSG00000214077', 'STX16-NPEPL1--RAE1', 'LMTK2--TBC1D5', 'ENSG00000250859--HNRNPK', 'ENSG00000226278--KMT2C', 'ASTN2--ENSG00000231901', 'GABRA3--ZNF185']"
uhn,MCF7,0.4666666666666667,0.14583333333333334,7,15,41,"['AHCYL1--RAD51C', 'PAPOLA--AK7', 'RPS6KB1--VMP1', 'BCAS4--BCAS3', 'SMARCA4--CARM1', 'ARFGEF2--SULF2', 'ADAMTS19--SLC27A6']","['STIP1--ENSG00000225536', 'GNAQ--ENSG00000214077', 'LMTK2--TBC1D5', 'ENSG00000250859--HNRNPK', 'FBXO42--SZRD1', 'VAV3--AP4B1-AS1', 'VAV3--RSBN1', 'RSBN1--AP4B1-AS1', 'HIPK1--DENND2C', 'PDE4DIP--SGF29', 'ENSG00000259349--PLPPR5', 'BCAS3--REG4', 'ATP1A1-AS1--ENSG00000020256', 'BEND7--PRPF18', 'BLOC1S2--ENSG00000236982', 'ARRB1--KLHL35', 'DSCAML1--TRAPPC4', 'PCBP2--ATF7-NPFF', 'GCN1--MSI1', 'IRAK3--RBMS1', 'ENSG00000248185--DOCK9', 'FOXA1--TTC6', 'GSN--SMIM22', 'TANC2--CA4', 'USP32--PPM1D', 'TBX2-AS1--UBE2V1', 'B3GNTL1--SLC9A8', 'RAD51C--ATXN7', 'GREB1--LINC00570', 'SULF2--PRICKLE2-AS1', 'TBL1XR1--RGS17', 'DEPDC1B--ELOVL7', 'SLC27A6--ADAMTS19-AS1', 'FNIP1--MEIKIN', 'AFF4--HSPA4', 'MYO6--SENP6', 'ESR1--CCDC170', 'ZNF746--ZNF767P', 'ENSG00000254024--GRHL2', 'STAU2-AS1--ENSG00000227581', 'TXLNG--SYAP1']"
uhn,SKBR3,0.5,0.42857142857142855,6,12,8,"['TATDN1--GSDMB', 'RARA--PKIA', 'CYTH1--EIF3H', 'DHX35--ITCH', 'SUMF1--LRRFIP2', 'ANKHD1--PCDH1']","['LMTK2--TBC1D5', 'RAD51B--SEMA6D', 'NEMF--SNTB1', 'ATAD5--TLK2', 'CYTH1--ENSG00000147677', 'TEX101--ARL8B', 'TBC1D31--ZNF704', 'SAMD12--MRPL13']"
uhn_lenient,BT474,0.6086956521739131,0.358974358974359,14,23,25,"['SKA2--MYO19', 'ACACA--STAC2', 'TOB1--SYNRG', 'PIP4K2B--RAD51C', 'MED1--ACSF2', 'USP32--MED1', 'MED1--STXBP4', 'RPS6KB1--SNF8', 'TRPC4AP--MRPL45', 'VAPB--IKZF3', 'RAB22A--MYO9B', 'ZMYND8--CEP250', 'DIDO1--TTI1', 'GLB1--CMTM7']","['ENSG00000254677--OSBPL9', 'HFM1--ENSG00000233654', 'ENSG00000237008--LAPTM4B', 'FDPS--ENSG00000215035', 'SFPQ--ENSG00000224035', 'ENSG00000214584--PGGT1B', 'BLOC1S2--ENSG00000236982', 'NUMA1--FCHSD2', 'ENSG00000225536--STIP1', 'STIP1--ENSG00000225536', 'PPP1R12A--MGAT4C', 'IRAK3--RBMS1', 'CLTA--ENSG00000255977', 'BANP--RRN3P2', 'TRIM37--MYO19', 'ENSG00000230448--COL12A1', 'GNAQ--ENSG00000214077', 'STX16-NPEPL1--RAE1', 'LMTK2--TBC1D5', 'ENSG00000225254--ARMC8', 'ENSG00000250859--HNRNPK', 'ENSG00000226278--KMT2C', 'ASTN2--ENSG00000231901', 'GABRA3--ZNF185', 'TBL1Y--TBL1X']"
uhn_lenient,MCF7,0.4666666666666667,0.09722222222222222,7,15,65,"['AHCYL1--RAD51C', 'PAPOLA--AK7', 'RPS6KB1--VMP1', 'BCAS4--BCAS3', 'SMARCA4--CARM1', 'ARFGEF2--SULF2', 'ADAMTS19--SLC27A6']","['BLOC1S2--ENSG00000236982', 'STIP1--ENSG00000225536', 'IRAK3--RBMS1', 'GNAQ--ENSG00000214077', 'LMTK2--TBC1D5', 'ENSG00000250859--HNRNPK', 'TBL1Y--TBL1X', 'THAP3--LOC100129138', 'FBXO42--SZRD1', 'VAV3--AP4B1-AS1', 'VAV3--RSBN1', 'SLC25A24--SARS1', 'RSBN1--AP4B1-AS1', 'HIPK1--DENND2C', 'GATAD2B--NUP210L', 'PDE4DIP--SGF29', 'ENSG00000259349--PLPPR5', 'BCAS3--REG4', 'ATP1A1-AS1--ENSG00000020256', 'TDRKH--ENSG00000163637', 'BEND7--PRPF18', 'ARRB1--KLHL35', 'DSCAML1--TRAPPC4', 'PCBP2--ATF7-NPFF', 'GCN1--MSI1', 'EEA1--MAT2A', 'ENSG00000248185--DOCK9', 'ENSG00000259087--TTC6', 'FOXA1--TTC6', 'ENSG00000248827--USP7', 'ENSG00000224280--ATXN2L', 'PLK1--ENSG00000237810', 'GSN--SMIM22', 'NPEPPS--EFCAB13', 'TRIM37--RPS6KB1', 'CA4--TANC2', 'TANC2--CA4', 'USP32--PPM1D', 'TBX2-AS1--UBE2V1', 'TAF4--BRIP1', 'B3GNTL1--SLC9A8', 'RAD51C--ATXN7', 'BCAS3--ATXN7', 'ACTG1--ENSG00000229349', 'BOD1--BOD1L2', 'ADRA1A--COX6B1', 'GREB1--LINC00570', 'TLK1--ENSG00000226783', 'PLCG1--TOP1', 'SULF2--BMP7', 'SULF2--PRICKLE2-AS1', 'TBL1XR1--RGS17', 'ARHGAP10--EDNRA', 'DEPDC1B--ELOVL7', 'SLC27A6--ADAMTS19-AS1', 'FNIP1--MEIKIN', 'AFF4--HSPA4', 'MYO6--SENP6', 'ESR1--CCDC170', 'ZNF746--ZNF767P', 'ENSG00000254024--GRHL2', 'STAU2-AS1--ENSG00000227581', 'SEMA4D--ABCA1', 'NINJ1--DENND1A', 'TXLNG--SYAP1']"
uhn_lenient,SKBR3,0.5,0.2,6,12,24,"['TATDN1--GSDMB', 'RARA--PKIA', 'CYTH1--EIF3H', 'DHX35--ITCH', 'SUMF1--LRRFIP2', 'ANKHD1--PCDH1']","['HFM1--ENSG00000233654', 'BLOC1S2--ENSG00000236982', 'IRAK3--RBMS1', 'LMTK2--TBC1D5', 'BOD1--BOD1L2', 'PPHLN1--FXR1', 'RAD51B--SEMA6D', 'CEP112--NEMF', 'NEMF--SNTB1', 'ENSG00000259000--DOCK11', 'ABHD2--VAPA', 'ATAD5--TLK2', 'SLFN12L--E2F3', 'CYTH1--ENSG00000147677', 'PTCD3--ENSG00000268379', 'TEX101--ARL8B', 'EEF1B2--ZNF131', 'VSTM2L--CTNNBL1', 'HSD17B4--ENSG00000253336', 'SNHG7--ENSG00000232019', 'TBC1D31--ZNF704', 'PVT1--LINC00536', 'SAMD12--MRPL13', 'TAF2--COLEC10']"
